,Genome,Genus,Species,e_AA10,e_CBM13,e_CBM3,e_CBM32,e_CBM4,e_CBM5,e_CBM50,e_CBM63,e_CE1,e_CE12,e_CE2,e_CE4,e_CE8,e_GH102,e_GH103,e_GH12,e_GH13,e_GH153,e_GH16,e_GH171,e_GH18,e_GH23,e_GH24,e_GH26,e_GH28,e_GH3,e_GH30,e_GH36,e_GH43,e_GH5,e_GH53,e_GH78,e_GH8,e_GT4,e_GT51,e_GT83,e_PL1,e_PL10,e_PL2,e_PL3,e_PL35,e_PL38,e_PL4,e_PL9,i_AA3,i_CBM13,i_CBM32,i_CBM48,i_CBM50,i_CE1,i_CE11,i_CE12,i_CE4,i_CE8,i_CE9,i_GH0,i_GH1,i_GH102,i_GH103,i_GH104,i_GH105,i_GH108,i_GH113,i_GH12,i_GH13,i_GH153,i_GH18,i_GH19,i_GH2,i_GH23,i_GH24,i_GH26,i_GH28,i_GH3,i_GH30,i_GH31,i_GH32,i_GH33,i_GH36,i_GH38,i_GH4,i_GH42,i_GH43,i_GH5,i_GH53,i_GH65,i_GH68,i_GH73,i_GH77,i_GH78,i_GH8,i_GH88,i_GH91,i_GH94,i_GT0,i_GT1,i_GT101,i_GT11,i_GT111,i_GT14,i_GT19,i_GT2,i_GT20,i_GT25,i_GT26,i_GT28,i_GT30,i_GT32,i_GT35,i_GT4,i_GT41,i_GT5,i_GT51,i_GT52,i_GT56,i_GT73,i_GT8,i_GT81,i_GT83,i_GT84,i_GT9,i_GT97,i_PL1,i_PL11,i_PL2,i_PL22,i_PL26,i_PL3,i_PL35,i_PL38,i_PL4,i_PL9
0,GCF_016949055.1,Pectobacterium,brasiliense A,0,1,0,1,0,0,3,0,1,1,0,0,0,1,1,0,0,0,0,0,0,3,0,0,2,0,0,0,0,1,2,0,0,1,0,0,5,0,1,1,0,1,0,1,1,0,0,2,1,0,1,0,0,2,1,0,10,0,0,0,2,0,0,0,2,0,0,0,1,3,2,0,1,2,0,1,1,1,1,1,1,1,1,0,0,0,0,1,1,0,0,0,0,0,1,0,0,0,0,0,1,9,0,0,1,1,1,0,2,3,0,1,3,0,1,0,1,0,1,0,3,0,0,0,1,1,1,0,0,0,1,1
1,GCF_013449715.1,Pectobacterium,aroidearum,0,1,1,1,0,0,3,1,1,1,0,1,0,1,2,1,0,1,0,0,0,3,0,0,3,1,0,0,0,1,2,0,1,1,0,0,5,0,1,1,1,1,0,1,1,0,0,2,0,0,1,0,0,2,1,0,10,0,0,0,2,0,0,0,3,0,0,0,1,3,3,0,2,2,0,1,1,1,0,0,1,1,2,0,0,0,0,1,1,0,0,1,0,0,1,1,1,0,0,0,1,6,0,0,1,1,1,1,2,3,1,1,3,0,1,0,2,1,1,0,2,0,1,0,1,1,1,1,0,0,1,1
2,GCF_013449385.1,Pectobacterium,carotovorum,0,0,0,1,0,0,3,1,0,1,0,0,0,1,1,1,0,0,0,0,0,3,0,0,3,0,0,0,0,1,2,0,0,1,0,0,5,0,1,1,0,1,0,2,1,0,0,2,1,1,1,0,1,2,1,0,10,0,1,0,2,0,0,0,3,0,0,0,1,2,1,0,1,2,0,1,1,1,1,0,1,1,3,0,0,0,0,1,1,0,1,0,0,1,1,1,0,0,0,0,1,8,0,0,1,1,1,0,2,1,1,1,3,0,1,0,1,1,1,1,3,0,1,1,1,1,1,1,0,0,1,0
3,GCF_013449495.1,Pectobacterium,carotovorum,0,0,0,1,0,0,3,1,0,1,0,0,0,1,2,1,0,0,0,0,0,3,0,0,3,0,0,0,0,1,2,0,0,1,0,0,5,0,1,1,0,1,0,2,1,0,0,2,1,1,1,0,1,2,1,0,10,0,0,0,2,0,0,0,3,0,0,0,1,2,2,0,1,2,0,1,1,1,1,0,1,1,3,0,0,0,0,1,1,0,1,0,0,1,1,1,0,0,0,0,1,8,0,0,1,1,1,1,2,3,1,1,3,0,1,0,2,1,1,1,3,0,1,1,1,1,1,1,0,0,1,0
4,GCF_003382585.2,Pectobacterium,aquaticum,0,1,0,1,0,0,3,1,0,1,0,0,0,1,1,0,0,0,0,0,0,3,0,0,2,0,0,0,0,1,2,0,0,1,0,0,4,0,1,1,0,1,1,2,0,0,0,2,1,1,1,0,1,1,1,0,8,0,0,1,2,0,0,0,2,0,0,0,1,2,1,0,1,2,0,1,1,0,1,1,1,1,2,0,0,0,0,1,1,0,0,0,0,1,1,0,0,0,0,0,1,4,0,0,1,1,1,0,2,3,0,1,3,0,1,0,2,0,0,1,3,0,0,0,1,1,1,0,0,0,0,0
5,GCF_002983505.1,Pectobacterium,versatile A,0,1,0,1,0,0,3,1,0,1,0,0,0,1,1,1,0,0,0,0,0,4,0,0,3,0,0,0,0,1,2,0,0,1,0,0,5,0,1,1,0,1,1,2,1,0,0,2,1,1,1,0,1,2,1,2,10,0,0,0,2,0,0,0,3,0,0,0,1,2,2,0,1,2,0,1,1,1,1,0,1,1,2,0,0,0,0,1,1,0,0,0,0,1,1,0,0,0,0,0,1,6,0,0,1,1,1,0,2,4,1,1,3,0,1,0,0,0,1,1,4,0,1,0,1,1,1,1,0,0,0,0
6,GCF_009931295.1,Pectobacterium,carotovorum,0,0,0,1,0,0,3,1,0,1,0,0,0,1,1,1,1,0,0,0,0,4,0,0,3,1,0,0,0,1,2,0,1,1,0,0,4,0,1,1,0,1,1,2,1,0,0,2,1,1,1,0,0,2,1,0,8,0,0,0,2,0,0,0,3,0,0,0,1,4,3,0,1,2,0,0,2,1,1,0,3,1,1,0,0,0,0,1,1,0,0,0,0,1,1,1,0,0,0,0,1,7,0,1,1,1,1,0,2,5,1,1,3,0,1,0,1,1,1,1,3,0,1,0,1,1,1,1,0,0,0,0
7,GCF_003628675.1,Pectobacterium,parmentieri,0,1,1,1,0,0,3,1,1,0,0,1,0,1,1,1,0,1,0,0,0,3,0,0,3,0,0,1,0,1,2,0,0,1,0,0,4,0,1,1,0,1,1,2,0,0,0,2,1,0,1,1,0,2,2,0,8,0,0,0,2,1,0,0,3,0,0,0,1,3,1,0,0,3,0,1,1,1,1,0,0,2,3,0,0,1,0,1,1,0,1,0,0,0,2,1,0,0,1,0,1,11,0,0,1,1,1,0,2,5,0,1,3,1,1,0,2,0,1,0,3,0,0,0,1,1,1,0,0,0,0,0
8,GCF_016949355.1,Pectobacterium,brasiliense,0,1,1,1,0,0,3,1,0,2,0,0,1,1,2,1,0,0,0,0,0,7,0,0,3,0,0,0,0,1,2,0,1,1,0,0,5,0,1,1,0,1,0,2,1,0,0,2,1,1,1,0,1,1,1,2,10,0,0,1,2,0,0,0,3,0,0,0,1,3,1,0,1,2,0,1,1,1,1,0,1,1,3,0,0,0,0,1,1,0,0,0,0,0,1,0,0,0,0,0,1,10,0,0,1,1,1,0,2,4,1,1,3,0,1,0,0,1,1,0,4,0,1,0,1,1,0,1,0,0,1,0
9,GCF_000738105.1,Pectobacterium,brasiliense,0,1,1,1,0,0,3,1,1,1,0,0,1,1,2,0,0,0,0,0,0,3,0,0,3,0,0,0,0,1,2,0,0,1,0,0,5,0,1,1,0,1,1,2,1,0,0,2,1,0,1,1,1,1,1,2,10,0,0,0,2,0,0,0,3,0,0,0,1,3,1,0,1,2,0,1,1,1,1,0,1,1,2,0,0,0,0,1,1,0,1,0,0,0,1,0,0,0,0,0,1,7,0,0,1,1,1,0,2,4,1,1,3,0,1,0,0,1,1,0,4,0,1,0,1,1,0,1,0,0,0,0
10,GCF_016949835.1,Pectobacterium,brasiliense,0,1,1,1,0,0,3,1,0,2,0,0,1,1,2,1,0,0,0,0,0,5,0,0,3,0,0,0,0,1,2,0,1,1,0,0,5,0,1,1,0,1,0,2,1,0,0,2,1,1,1,0,1,1,1,2,10,0,0,1,2,0,0,0,3,0,0,0,1,3,1,0,1,2,0,1,1,1,1,0,1,1,3,0,0,0,0,1,1,0,0,0,0,0,1,0,0,0,0,0,1,10,0,0,1,1,1,0,2,4,1,1,3,0,1,0,0,1,1,0,4,0,1,0,1,1,0,1,0,0,1,0
11,GCF_016944235.1,Pectobacterium,brasiliense,0,1,1,1,0,0,3,1,0,1,0,0,1,1,2,1,0,0,0,0,0,5,0,0,3,0,0,0,0,1,2,0,1,0,0,0,5,0,1,1,0,1,1,2,1,0,0,2,1,1,1,1,1,1,1,2,10,0,0,1,2,0,0,0,3,0,0,0,1,3,1,0,1,2,0,1,1,1,1,0,1,1,3,0,0,0,0,1,1,0,0,0,0,0,1,0,0,0,0,0,1,10,0,0,1,1,1,0,2,4,1,1,3,0,1,0,0,1,1,0,4,0,1,0,1,1,0,1,0,0,0,0
12,GCF_016949235.1,Pectobacterium,brasiliense,0,1,1,1,0,0,3,1,0,2,0,0,1,1,2,1,0,0,0,0,0,5,0,0,3,0,0,0,0,1,2,0,1,1,0,0,5,0,1,1,0,1,0,2,1,0,0,2,1,1,1,0,1,1,1,2,10,0,0,1,2,0,0,0,3,0,0,0,1,3,1,0,1,2,0,1,1,1,1,0,1,1,3,0,0,0,0,1,1,0,0,0,0,0,1,0,0,0,0,0,1,10,0,0,1,1,1,0,2,4,1,1,3,0,1,0,0,1,1,0,4,0,1,0,1,1,0,1,0,0,1,0
13,GCF_016949345.1,Pectobacterium,brasiliense,0,0,1,1,0,0,3,1,0,2,0,0,1,1,2,0,0,0,0,0,0,3,0,0,3,0,0,0,0,1,2,0,1,1,0,0,5,0,1,1,0,1,0,2,1,0,0,2,1,1,1,0,1,1,1,0,10,0,0,0,2,0,0,0,3,0,0,0,1,3,1,0,1,2,0,1,1,1,1,0,1,1,2,0,0,0,0,1,1,0,0,0,0,0,1,0,0,1,0,0,1,11,0,1,1,1,1,1,2,3,0,1,3,0,1,0,2,1,1,0,3,0,1,0,1,1,0,1,0,0,1,0
14,GCF_000808385.1,Pectobacterium,brasiliense,0,1,1,1,0,0,3,1,1,1,0,0,0,1,2,1,0,0,0,0,0,4,0,0,3,0,0,0,0,1,2,0,0,1,0,0,5,0,1,1,0,1,1,2,1,0,0,2,1,0,1,1,1,2,1,2,10,0,0,0,2,0,0,0,3,0,0,0,0,3,0,0,1,2,0,1,1,1,1,0,1,1,2,0,0,0,0,1,1,0,1,0,0,0,1,0,0,0,0,0,1,7,0,0,1,1,1,0,2,4,1,1,3,0,1,0,0,1,1,0,4,0,1,0,1,1,0,1,0,0,0,0
15,GCF_000024645.1,Pectobacterium,parmentieri,0,1,1,1,0,0,3,1,1,0,0,1,0,1,1,1,0,1,0,0,0,6,0,0,3,0,0,1,0,1,2,0,0,1,0,0,4,0,1,1,0,1,0,2,0,0,0,2,1,0,1,1,0,2,2,0,7,0,0,0,2,1,0,0,3,0,0,0,1,2,0,0,0,3,0,1,1,1,1,0,0,2,3,0,0,1,0,1,1,0,1,0,0,0,2,1,0,0,1,0,1,11,0,1,1,1,1,1,2,6,0,1,3,1,1,0,2,0,1,0,3,0,1,0,1,1,1,0,0,0,1,0
16,GCF_002904255.1,Pectobacterium,carotovorum,0,1,0,1,0,0,3,1,0,1,0,0,0,1,1,1,1,0,0,0,0,4,0,0,3,0,0,0,0,1,2,0,0,1,0,0,5,0,1,1,0,1,1,2,1,0,0,2,1,1,1,0,0,2,1,1,9,0,0,0,2,0,0,0,3,0,0,0,1,4,2,0,1,2,0,0,2,1,0,0,3,1,1,0,0,0,0,1,1,0,1,0,0,1,1,1,0,0,0,0,1,8,0,0,1,1,1,0,2,4,1,1,3,0,1,1,1,1,1,1,3,0,1,1,1,1,1,1,0,0,0,0
17,GCF_003382565.2,Pectobacterium,aquaticum,0,0,0,1,0,0,3,1,1,1,0,0,1,1,1,0,0,0,0,0,0,4,0,0,2,0,0,0,0,1,2,0,0,1,0,0,4,0,1,1,0,1,1,2,0,0,0,2,1,0,1,0,1,0,1,0,8,0,0,0,2,0,0,0,2,0,0,0,1,4,1,0,1,2,0,1,1,1,1,1,1,1,2,0,0,0,1,1,1,0,0,0,0,1,1,0,0,0,0,0,1,4,0,0,1,1,1,0,2,1,1,1,3,0,1,0,1,0,0,1,3,0,0,0,1,1,0,0,0,0,0,0
18,GCF_003049805.1,Dickeya,fangzhongdai,0,1,0,0,1,0,3,1,1,0,0,0,2,1,2,0,0,0,0,0,0,2,0,1,1,0,0,0,0,0,1,0,1,1,0,1,6,1,0,1,0,1,1,3,1,0,1,2,1,0,1,1,1,0,1,0,5,0,0,1,2,0,0,0,2,0,0,2,1,4,0,0,2,3,1,1,1,2,1,0,1,1,1,1,0,0,0,1,1,0,0,0,0,0,1,2,0,0,0,0,1,11,0,0,1,1,1,0,2,9,1,1,3,0,1,0,0,1,0,0,4,0,1,0,1,1,1,1,0,0,0,0
19,GCF_016949155.1,Pectobacterium,brasiliense,0,0,1,1,0,0,3,1,1,1,0,0,0,1,2,1,0,0,0,0,0,4,0,0,3,0,1,0,0,1,2,0,1,1,0,0,5,0,1,1,0,1,0,2,1,0,0,2,1,0,1,0,1,2,1,2,10,0,0,0,2,0,0,0,3,0,0,0,1,3,2,0,1,2,0,1,1,1,1,0,1,1,3,0,0,0,0,1,1,0,0,0,0,0,1,0,0,0,0,0,1,9,0,0,1,1,1,0,2,4,1,1,3,0,1,0,0,1,1,0,3,0,1,0,1,1,1,1,0,0,1,0
20,GCF_016949275.1,Pectobacterium,brasiliense,0,1,1,1,0,0,3,1,0,2,0,0,1,1,2,1,0,0,0,0,0,7,0,0,3,0,0,0,0,1,2,0,1,1,0,0,5,0,1,1,0,1,0,2,1,0,0,2,1,1,1,0,1,1,1,2,10,0,0,1,2,0,0,0,3,0,0,0,1,3,1,0,1,2,0,1,1,1,1,0,1,1,3,0,0,0,0,1,1,0,0,0,0,0,1,0,0,0,0,0,1,10,0,0,1,1,1,0,2,4,1,1,3,0,1,0,0,1,1,0,4,0,1,0,1,1,0,1,0,0,1,0
21,GCF_016949915.1,Pectobacterium,brasiliense,0,0,1,1,0,0,3,1,1,2,0,0,1,1,2,0,0,0,0,0,0,3,0,0,3,0,0,0,0,1,2,0,1,1,0,0,5,0,1,1,0,1,0,2,1,0,0,2,1,0,1,0,1,1,1,0,10,0,0,0,2,0,0,0,3,0,0,0,1,2,1,0,1,2,0,1,1,1,1,0,1,1,3,0,0,0,0,1,1,0,0,0,0,0,1,0,0,1,0,0,1,12,0,1,1,1,1,1,2,3,0,1,3,0,1,0,2,1,1,0,3,0,1,0,1,1,1,1,0,0,1,0
22,GCF_000365345.1,Dickeya,solani,0,0,0,0,0,0,3,1,1,0,0,0,2,1,2,0,0,0,0,0,0,2,0,1,3,1,0,0,0,0,1,0,1,1,0,0,5,0,0,1,0,1,1,3,1,1,0,1,1,0,1,1,1,0,1,0,5,0,0,1,2,0,0,0,2,0,0,2,1,3,0,0,1,2,1,1,1,1,1,0,0,1,1,1,0,0,0,1,1,0,0,0,0,0,1,2,0,0,0,0,1,14,0,0,1,1,1,0,2,8,1,1,3,0,1,0,0,1,1,0,4,0,2,0,1,1,1,1,0,0,0,0
23,GCF_017897245.1,Dickeya,oryzae,0,0,0,0,0,0,3,0,1,0,0,0,1,1,1,0,0,0,0,0,0,4,0,0,0,1,1,0,0,0,1,0,1,1,0,0,5,0,0,1,0,1,1,2,0,0,0,1,1,0,1,1,1,0,1,0,4,0,1,1,2,0,1,0,2,0,0,2,2,3,1,0,2,2,0,1,1,2,1,0,0,1,0,1,0,0,0,2,1,0,0,0,0,1,1,2,0,0,0,0,1,10,0,0,1,1,1,0,2,8,1,1,3,0,1,0,0,1,1,1,4,0,1,0,1,1,0,1,0,0,0,1
24,GCF_007210685.1,Dickeya,chrysanthemi,0,0,0,0,0,0,3,1,1,0,0,0,2,1,2,0,0,0,0,0,0,3,0,0,0,1,0,0,1,0,1,0,1,1,0,0,7,1,0,1,0,1,2,3,0,0,0,2,1,0,1,1,1,0,1,2,5,0,0,2,2,0,0,0,2,0,0,1,1,3,1,0,4,2,0,1,1,1,1,0,0,1,1,1,0,0,0,2,1,1,0,0,0,0,1,2,0,0,0,0,1,9,0,0,1,1,1,0,2,8,1,1,3,0,1,0,0,1,1,0,4,0,1,0,1,1,0,1,0,0,0,0
25,GCF_015709085.1,Pectobacterium,aroidearum,0,1,0,1,0,0,3,1,0,1,0,1,0,1,2,1,0,1,0,0,0,4,0,0,3,0,0,0,0,1,2,0,1,1,0,0,5,0,1,1,1,1,0,1,1,0,0,2,1,1,1,0,0,2,1,0,9,0,0,0,2,0,0,0,3,0,0,0,1,3,2,0,2,2,0,1,1,1,0,0,1,1,2,0,0,0,0,1,1,0,0,1,0,0,1,1,0,0,0,0,1,9,0,0,1,1,1,0,2,2,1,1,3,0,1,0,4,1,1,0,4,0,1,0,1,1,1,1,0,0,1,1
26,GCF_016944555.1,Pectobacterium,brasiliense,0,1,1,1,0,0,3,1,0,1,0,0,1,1,2,1,0,0,0,0,0,7,0,0,3,0,0,0,0,1,2,0,1,1,0,0,5,0,1,1,0,1,1,2,1,0,0,1,1,1,1,1,1,1,1,2,10,0,0,1,2,0,0,0,2,0,0,0,1,3,1,0,1,2,0,1,1,1,1,0,1,1,3,0,0,0,0,1,1,0,0,0,0,0,1,0,0,0,0,0,1,10,0,0,1,1,1,0,2,4,1,1,3,0,1,0,0,1,1,0,4,0,1,0,1,1,0,1,0,0,0,0
27,GCF_013334145.1,Dickeya,solani,0,0,0,0,0,0,3,1,1,0,0,0,2,1,2,0,0,0,0,0,0,2,0,1,3,1,0,0,0,0,1,0,1,1,0,0,5,0,0,1,0,1,1,3,1,1,0,1,1,0,1,1,1,0,1,0,5,0,0,1,2,0,0,0,2,0,0,2,1,3,0,0,1,2,1,1,1,1,1,0,0,1,1,1,0,0,0,1,1,0,0,0,0,0,1,2,0,0,0,0,1,14,0,0,1,1,1,0,2,8,1,1,3,0,1,0,0,1,1,0,4,0,2,0,1,1,1,1,0,0,0,0
28,GCF_016949885.1,Pectobacterium,brasiliense,0,1,1,1,0,0,3,1,0,2,0,0,1,1,2,1,0,0,0,0,0,5,0,0,3,0,0,0,0,1,2,0,1,1,0,0,5,0,1,1,0,1,0,2,1,0,0,2,1,1,1,0,1,1,1,2,10,0,0,1,2,0,0,0,3,0,0,0,1,3,1,0,1,2,0,1,1,1,1,0,1,1,3,0,0,0,0,1,1,0,0,0,0,0,1,0,0,0,0,0,1,10,0,0,1,1,1,0,2,4,1,1,3,0,1,0,0,1,1,0,4,0,1,0,1,1,0,1,0,0,1,0
29,GCF_016949695.1,Pectobacterium,polaris,0,2,0,1,0,0,3,1,0,1,0,0,0,1,2,1,0,0,0,0,0,6,0,0,3,0,0,0,0,1,2,0,0,1,0,0,5,0,1,1,0,1,0,1,1,0,0,2,1,1,1,0,0,2,1,0,9,0,0,0,2,1,0,0,3,0,0,0,1,2,3,0,1,2,0,1,1,1,1,0,1,1,2,0,0,0,0,1,1,1,1,0,0,0,1,0,0,0,0,0,1,9,0,0,1,1,1,1,2,2,1,1,3,0,1,0,2,1,1,0,4,0,1,1,1,1,1,1,0,0,1,1
30,GCF_000294535.1,Pectobacterium,brasiliense,0,0,1,1,0,0,3,1,0,1,0,0,1,1,2,1,0,0,0,0,0,3,0,0,3,0,1,0,0,1,2,0,1,1,0,0,5,0,1,1,0,1,1,1,1,0,0,2,1,1,1,1,1,1,1,2,10,0,0,0,2,0,0,0,3,0,0,0,1,2,2,0,1,2,0,1,1,1,1,0,1,1,2,0,0,0,0,1,1,0,0,0,0,0,1,0,0,0,0,0,1,9,0,0,1,1,1,0,2,5,1,1,3,0,1,0,0,1,1,0,3,0,1,0,1,1,1,1,0,0,0,1
31,GCF_000023565.1,Dickeya,chrysanthemi,0,0,0,0,0,0,3,1,1,0,0,0,2,1,2,0,0,0,0,0,0,3,0,0,0,1,0,0,1,0,1,0,1,1,0,0,6,1,0,1,0,1,2,3,0,0,2,1,1,0,1,1,1,0,1,0,5,0,0,2,2,0,0,0,2,0,0,1,1,3,1,0,4,2,0,1,1,1,1,0,0,1,1,1,0,0,0,1,1,1,0,0,0,0,1,2,0,0,0,0,1,10,0,0,1,1,1,0,2,8,1,1,3,0,1,0,0,1,1,0,4,0,1,0,1,1,1,1,0,0,0,0
32,GCF_016944615.1,Pectobacterium,brasiliense,0,1,1,1,0,0,3,1,0,1,0,0,1,1,2,1,0,0,0,0,0,5,0,0,3,0,0,0,0,1,2,0,1,1,0,0,5,0,1,1,0,1,1,2,1,0,0,2,1,1,1,1,1,1,1,2,10,0,0,1,2,0,0,0,3,0,0,0,1,3,1,0,1,2,0,1,1,1,1,0,1,1,3,0,0,0,0,1,1,0,0,0,0,0,1,0,0,0,0,0,1,9,0,0,1,1,1,0,2,4,1,1,3,0,1,0,0,1,1,0,4,0,1,0,1,1,0,1,0,0,0,0
33,GCF_016949145.1,Pectobacterium,brasiliense,0,1,0,1,0,0,3,1,1,2,0,0,0,1,2,0,0,0,0,0,0,3,0,0,3,0,0,0,0,1,2,0,1,1,0,0,5,0,1,1,0,1,0,2,1,0,0,2,1,0,1,0,1,2,1,0,11,0,0,0,2,0,0,0,3,0,0,0,1,4,1,0,1,2,0,1,1,1,1,0,1,1,2,0,0,0,0,1,1,0,0,0,0,0,1,0,0,0,0,0,1,9,0,1,1,1,1,0,2,2,0,1,3,0,1,0,1,1,1,0,5,0,1,0,1,1,0,1,0,0,1,0
34,GCF_002812485.1,Dickeya,fangzhongdai,0,0,0,0,0,0,3,1,1,0,0,0,2,1,2,0,0,0,0,0,0,4,0,0,1,0,0,0,0,0,1,0,1,1,0,1,6,1,0,1,0,1,1,3,1,2,0,2,1,0,1,1,1,0,1,0,5,0,0,1,2,0,0,0,2,0,0,2,1,2,1,1,2,3,1,1,1,2,1,0,0,1,1,1,0,0,0,1,1,0,0,0,0,0,1,1,0,0,0,0,1,11,0,0,1,1,1,0,2,9,1,1,3,0,1,0,0,1,0,0,4,0,1,0,1,1,1,1,0,0,0,0
35,GCF_018634035.1,Pectobacterium,atrosepticum,0,0,1,1,0,0,3,1,0,1,0,1,0,1,1,1,0,1,0,0,0,3,0,0,3,0,0,0,0,1,2,0,1,1,0,0,5,0,1,1,0,1,1,1,1,0,0,1,1,1,1,0,0,2,1,2,9,0,0,0,2,0,0,0,3,0,0,0,1,3,0,0,1,3,0,1,1,1,1,0,2,1,2,0,0,0,0,1,1,0,0,0,0,0,1,1,0,0,0,0,1,10,0,1,1,1,1,1,2,5,1,1,4,0,1,0,1,1,1,0,4,0,1,0,1,1,1,1,0,0,0,1
36,GCF_016944315.1,Pectobacterium,brasiliense,0,0,1,1,0,0,3,1,1,1,0,0,1,1,2,0,0,0,0,0,0,3,0,0,3,0,0,0,0,1,2,0,1,1,0,0,5,0,1,1,0,1,1,2,1,0,0,2,1,0,1,1,1,1,1,0,10,0,0,0,2,0,0,0,3,0,0,0,1,2,1,0,1,2,0,1,1,1,1,0,1,1,3,0,0,0,0,1,1,0,0,0,0,0,1,0,0,0,0,0,1,11,0,1,1,1,1,0,2,5,0,1,3,0,1,0,1,1,1,0,4,0,1,0,1,1,1,1,0,0,0,0
37,GCF_013449655.1,Pectobacterium,versatile A,0,1,0,1,0,0,3,1,0,1,0,0,0,1,1,1,0,0,0,0,0,3,0,0,3,0,0,0,0,1,2,0,0,1,0,0,5,0,1,1,0,1,0,2,1,0,0,2,0,1,1,0,1,2,1,2,10,0,1,0,2,0,0,0,3,0,0,0,1,4,1,0,1,2,0,1,1,1,1,0,1,1,3,0,0,0,0,1,1,0,1,0,0,1,1,0,0,0,0,0,1,9,0,0,1,1,1,0,2,3,1,1,2,0,1,0,0,1,1,1,3,0,1,0,1,1,1,1,0,0,1,0
38,GCF_007833835.1,Pectobacterium,actinidiae,0,0,1,1,0,0,3,1,1,0,0,0,0,0,1,1,1,0,0,0,0,3,0,0,2,0,0,0,0,1,2,0,0,1,0,0,4,0,1,1,1,1,0,1,0,0,0,2,1,0,0,0,1,2,1,0,6,0,0,0,2,0,0,0,2,0,0,0,0,2,1,0,0,1,0,0,0,0,1,0,2,1,1,0,0,0,0,1,1,0,1,1,0,0,2,1,0,0,0,0,1,9,0,1,1,1,1,0,2,0,0,1,1,0,1,0,2,1,0,0,4,0,1,0,0,1,0,1,0,0,0,0
39,GCF_000406265.1,Dickeya,dadantii,0,0,0,0,0,0,3,1,1,0,0,0,2,1,2,0,0,0,0,0,0,2,0,1,1,1,1,0,0,0,1,0,1,1,0,0,5,0,0,1,0,1,1,2,1,1,1,1,1,0,1,1,1,0,1,0,5,0,0,1,2,0,0,0,2,0,0,2,1,3,0,0,1,2,0,1,1,2,1,0,0,1,1,1,0,0,0,1,1,0,0,0,0,0,0,1,0,0,0,0,1,14,0,0,0,1,1,0,2,5,1,1,3,0,0,0,0,1,1,0,4,0,2,0,1,1,1,2,0,0,0,1
40,GCF_004296765.1,Pectobacterium,versatile A,0,0,0,1,0,0,3,1,0,1,0,0,0,1,1,1,0,0,0,0,0,4,0,0,3,0,0,0,0,1,2,0,0,1,0,0,5,0,1,1,0,1,1,2,1,0,0,2,1,1,1,0,1,2,1,2,10,0,0,0,2,0,0,0,3,0,0,0,1,2,2,0,1,2,0,1,1,1,1,0,1,1,2,0,0,0,0,1,1,0,1,0,0,1,1,0,0,0,0,0,1,9,0,0,1,1,1,0,2,3,1,1,3,0,1,0,0,0,1,1,4,0,1,0,1,1,1,1,0,0,0,0
41,GCF_000808515.1,Pectobacterium,carotovorum,0,0,0,1,0,0,3,1,0,1,0,0,0,1,1,1,0,0,0,0,0,3,0,0,3,0,0,0,0,1,2,0,0,1,0,0,5,0,1,1,0,1,1,2,1,0,0,2,1,1,1,0,0,2,1,2,10,0,0,1,2,0,0,0,3,0,0,0,1,4,3,0,1,2,0,1,1,1,1,0,1,1,2,0,0,0,0,1,1,0,1,0,0,1,1,0,0,0,0,0,1,8,0,0,1,1,1,0,2,4,1,1,3,0,1,0,0,1,1,1,4,0,1,0,1,1,1,1,0,0,0,0
42,GCF_013449685.1,Pectobacterium,brasiliense A,0,1,0,1,0,0,3,0,1,1,0,0,0,1,1,0,0,0,0,0,0,5,0,0,2,0,0,0,0,1,2,0,0,1,0,0,5,0,1,1,0,1,0,1,1,0,0,2,0,0,1,0,0,2,1,0,10,0,0,0,2,0,0,0,2,0,0,0,1,3,2,0,1,2,0,1,1,1,1,1,1,1,1,0,0,0,0,1,1,0,0,0,0,0,1,0,0,0,0,0,1,6,0,0,1,1,1,0,2,3,1,1,3,0,1,0,1,0,1,0,2,0,0,0,1,1,1,0,0,0,1,1
43,GCF_003382625.2,Pectobacterium,aquaticum,0,1,0,1,0,0,3,1,0,1,0,0,0,1,1,0,0,0,0,0,0,4,0,0,2,0,0,0,0,1,1,0,0,1,0,0,4,0,1,1,0,1,1,2,0,0,0,2,1,1,1,0,1,1,1,0,8,0,0,0,2,0,0,0,2,0,0,0,1,2,2,0,1,2,0,1,1,0,1,1,1,1,2,0,1,0,1,1,1,0,0,0,0,1,1,1,0,0,0,0,1,7,0,1,1,1,1,0,2,3,0,1,3,0,1,0,2,0,0,1,3,0,0,0,1,1,0,0,0,0,0,0
44,GCF_016949295.1,Pectobacterium,brasiliense,0,0,1,1,0,0,3,1,1,2,0,0,1,1,2,0,0,0,0,0,0,3,0,0,3,0,0,0,0,1,2,0,1,1,0,0,5,0,1,1,0,1,0,2,1,0,0,2,1,0,1,0,1,1,1,0,10,0,0,0,2,0,0,0,3,0,0,0,1,3,1,0,1,2,0,1,1,1,1,0,1,1,3,0,0,0,0,1,1,0,0,0,0,0,1,0,0,1,0,0,1,12,0,1,1,1,1,1,2,3,0,1,3,0,1,0,2,1,1,0,3,0,1,0,1,1,1,1,0,0,1,0
45,GCF_016949655.1,Pectobacterium,brasiliense,0,1,1,1,0,0,3,1,0,2,0,0,1,1,2,1,0,0,0,0,0,5,0,0,3,0,0,0,0,1,2,0,1,1,0,0,5,0,1,1,0,1,0,2,1,0,0,2,1,1,1,0,1,1,1,2,10,0,0,1,2,0,0,0,3,0,0,0,1,4,1,0,1,2,0,1,1,1,1,0,1,1,3,0,0,0,0,1,1,0,0,0,0,0,1,0,0,0,0,0,1,10,0,0,1,1,1,0,2,4,1,1,3,0,1,0,0,1,1,0,4,0,1,0,1,1,0,1,0,0,1,0
46,GCF_016949855.1,Pectobacterium,brasiliense,0,0,1,1,0,0,3,1,1,2,0,0,1,1,2,0,0,0,0,0,0,4,0,0,3,0,1,0,0,1,2,0,1,1,0,0,5,0,1,1,0,1,0,2,1,0,0,2,1,0,1,0,1,1,1,0,10,0,0,0,2,0,0,0,3,0,0,0,1,2,1,0,1,2,0,1,1,1,1,0,1,1,2,0,0,0,0,1,1,0,0,0,0,0,1,0,0,0,0,0,1,7,0,0,1,1,1,1,2,3,1,1,3,0,1,0,2,1,1,0,3,0,1,0,1,1,1,1,0,0,1,0
47,GCF_000389755.1,Pectobacterium,atrosepticum,0,0,1,1,0,0,3,1,0,1,0,1,0,1,1,1,0,1,0,0,0,5,0,0,3,0,0,0,0,1,2,0,1,1,1,0,5,0,1,1,0,1,1,1,1,0,0,2,1,1,1,0,0,2,1,0,9,0,0,0,2,0,0,0,4,0,0,0,1,2,0,0,1,3,0,1,1,1,1,0,2,1,2,0,0,0,0,1,1,0,0,0,0,0,2,1,0,0,1,0,1,9,0,1,1,1,1,1,2,4,1,1,4,1,1,0,2,1,1,0,4,0,1,0,1,1,1,1,0,0,0,1
48,GCF_000406325.1,Dickeya,zeae,0,1,0,0,0,0,3,1,1,0,0,0,1,1,2,0,0,0,0,0,0,4,0,0,1,1,1,0,0,0,0,0,1,1,0,0,5,0,0,1,0,1,2,3,0,0,1,1,1,0,1,1,1,0,1,0,3,0,0,1,3,0,0,0,2,0,0,1,1,2,2,0,2,2,0,1,1,2,1,0,0,0,0,1,0,0,0,1,1,0,0,0,0,0,1,2,0,0,0,0,1,13,0,0,1,1,1,0,2,8,1,1,3,0,1,0,0,1,1,0,4,0,2,0,1,1,0,1,0,0,0,0
49,GCF_003382655.2,Pectobacterium,aquaticum,0,1,0,1,0,0,3,1,0,1,0,0,0,1,1,0,0,0,0,0,0,4,0,0,2,0,0,0,0,1,2,0,0,1,0,0,4,0,1,1,0,1,1,2,0,0,0,2,1,1,1,0,1,1,1,0,8,0,0,1,2,0,0,0,2,0,0,0,1,3,1,0,1,2,0,1,1,1,1,1,1,1,2,0,0,0,1,1,1,0,0,0,0,1,1,1,0,0,0,0,1,5,0,1,1,1,1,1,2,1,1,1,3,0,1,0,1,0,0,1,3,0,0,0,1,1,0,0,0,0,0,0
50,GCF_000406245.1,Dickeya,chrysanthemi,0,0,0,0,0,0,3,1,1,0,0,0,2,1,2,0,0,0,0,0,0,3,0,0,0,1,0,0,1,0,1,0,1,1,0,0,6,1,0,1,0,1,2,3,0,0,2,1,1,0,1,1,1,0,1,0,5,0,0,2,2,0,0,0,2,0,0,1,1,3,1,0,4,2,0,1,1,1,1,0,0,1,1,1,0,0,0,1,1,1,0,0,0,0,1,2,0,0,0,0,1,10,0,0,1,1,1,0,2,8,1,1,3,0,1,0,0,1,1,0,4,0,1,0,1,1,1,1,0,0,0,0
51,GCF_000430955.1,Dickeya,dianthicola,0,0,0,0,0,0,3,2,1,0,1,0,2,1,2,0,0,0,0,0,0,4,0,0,2,0,0,0,0,0,1,0,1,1,0,0,5,0,0,1,0,1,1,3,0,0,1,1,1,0,1,1,1,0,1,0,5,0,0,1,2,0,0,0,2,0,0,2,1,3,0,0,1,3,0,1,2,1,1,0,0,1,1,2,0,0,0,1,1,0,0,0,1,1,1,2,0,0,0,0,1,9,0,0,1,1,1,0,2,5,1,1,3,0,1,0,0,1,1,1,4,0,1,0,1,1,1,1,0,0,1,0
52,GCF_014854755.1,Dickeya,fangzhongdai,0,0,0,0,0,0,3,1,1,0,0,0,2,1,2,0,0,0,0,0,0,4,0,0,1,0,0,0,0,0,1,0,1,1,0,1,6,1,0,1,0,1,1,3,1,2,0,2,1,0,1,1,1,0,1,0,5,0,0,1,2,0,0,0,2,0,0,2,1,2,1,1,2,3,1,1,1,2,1,0,0,1,1,1,0,0,0,1,1,0,0,0,0,0,1,1,0,0,0,0,1,11,0,0,1,1,1,0,2,9,1,1,3,0,1,0,0,1,0,0,4,0,1,0,1,1,1,1,0,0,0,0
53,GCF_003031305.1,Pectobacterium,versatile A,0,0,0,1,0,0,3,1,0,1,0,0,0,1,1,1,0,0,0,0,0,4,0,0,3,0,0,0,0,1,2,0,0,1,0,0,5,0,1,1,0,1,1,2,1,0,0,2,1,1,1,0,1,2,1,0,10,0,1,0,2,1,0,0,3,0,0,0,1,2,0,0,1,1,0,1,1,1,1,0,1,1,2,0,0,0,0,1,1,0,1,0,0,1,1,0,1,0,0,0,1,7,0,0,1,1,1,1,2,5,1,1,4,0,1,0,2,1,1,1,3,0,1,0,1,1,1,1,0,0,0,0
54,GCF_016949935.1,Pectobacterium,polaris,0,1,0,1,0,0,3,1,0,1,0,0,0,1,2,0,0,0,0,0,0,3,0,0,3,0,0,0,0,1,2,0,1,1,0,0,5,0,1,1,0,1,0,2,1,0,0,2,1,1,1,0,1,2,1,0,10,0,0,0,2,0,0,0,3,0,0,0,1,2,1,0,1,2,0,1,1,1,1,0,1,1,2,0,0,0,0,1,1,1,0,0,0,0,1,1,0,0,0,0,1,9,0,0,1,1,1,1,2,5,0,1,3,0,1,0,1,1,1,0,4,0,1,1,1,1,1,1,0,0,1,0
55,GCF_000740965.1,Pectobacterium,atrosepticum,0,0,1,1,0,0,3,1,0,1,0,1,0,1,1,1,0,1,0,0,0,6,0,0,3,0,0,0,0,1,2,0,0,1,0,0,5,0,1,1,0,1,1,1,1,0,0,2,1,1,1,0,0,2,1,2,9,0,0,0,2,0,0,0,4,0,0,0,1,4,0,0,1,3,0,1,1,1,1,0,2,1,2,0,0,0,0,1,1,0,0,0,0,0,1,1,0,0,0,0,1,10,0,1,1,1,1,1,2,5,1,1,4,0,1,0,2,1,1,0,4,0,1,0,1,1,1,1,0,0,0,1
56,GCF_016950125.1,Pectobacterium,brasiliense,0,1,1,1,0,0,3,1,0,2,0,0,1,1,2,1,0,0,0,0,0,5,0,0,3,0,0,0,0,1,2,0,1,1,0,0,5,0,1,1,0,1,0,2,1,0,0,2,1,1,1,0,1,1,1,2,10,0,0,1,2,0,0,0,3,0,0,0,1,3,1,0,1,2,0,1,1,1,1,0,1,1,3,0,0,0,0,1,1,0,0,0,0,0,1,0,0,0,0,0,1,10,0,0,1,1,1,0,2,4,1,1,3,0,1,0,0,1,1,0,4,0,1,0,1,1,0,1,0,0,1,0
57,GCF_000808435.1,Pectobacterium,carotovorum,0,0,0,1,0,0,3,1,0,1,0,0,0,1,2,1,0,0,0,0,0,3,0,0,3,0,0,0,0,1,2,0,0,1,0,0,5,0,1,1,0,1,1,2,1,0,0,2,1,1,1,0,1,2,1,2,10,0,0,0,2,0,0,0,3,0,0,0,1,2,2,0,1,2,0,1,1,1,1,0,1,1,2,0,0,0,0,1,1,0,1,0,0,1,1,0,0,0,0,0,1,9,0,0,1,1,1,0,2,2,1,1,4,0,1,0,1,0,1,1,3,0,1,1,1,1,1,1,0,0,0,0
58,GCF_016949315.1,Pectobacterium,brasiliense,0,1,1,1,0,0,3,1,0,2,0,0,1,1,2,1,0,0,0,0,0,5,0,0,3,0,0,0,0,1,2,0,1,1,0,0,5,0,1,1,0,1,0,2,1,0,0,2,1,1,1,0,1,1,1,2,10,0,0,1,2,0,0,0,3,0,0,0,1,4,1,0,1,2,0,1,1,1,1,0,1,1,3,0,0,0,0,1,1,0,0,0,0,0,1,0,0,0,0,0,1,10,0,0,1,1,1,0,2,4,1,1,3,0,1,0,0,1,1,0,4,0,1,0,1,1,0,1,0,0,1,0
59,GCF_003628655.1,Pectobacterium,parmentieri,0,1,1,1,0,0,3,1,1,0,0,1,0,1,1,1,0,1,0,0,0,3,0,0,3,0,0,1,0,1,2,0,0,1,0,0,4,0,1,1,0,1,1,2,0,0,0,2,1,0,1,1,0,2,2,0,7,0,0,1,2,1,0,0,3,0,0,0,1,4,3,0,0,3,0,1,1,1,1,0,0,2,3,0,0,1,0,1,1,0,1,0,0,0,2,1,0,0,1,0,1,11,0,1,1,1,1,0,2,4,0,1,3,1,1,0,1,0,1,0,4,0,1,0,1,1,1,0,0,0,0,0
60,GCF_000406105.1,Dickeya,chrysanthemi,0,0,0,0,0,0,2,1,1,0,0,0,2,1,2,0,0,0,0,0,0,2,0,0,1,1,0,0,1,0,0,0,1,1,0,0,6,0,0,1,0,1,2,3,0,0,1,2,1,0,1,1,1,0,1,2,3,0,0,1,2,0,0,0,2,0,0,1,1,5,1,0,2,3,0,1,2,1,1,0,0,0,0,1,0,0,0,1,1,0,0,0,1,1,1,2,0,0,0,0,1,9,0,0,1,1,1,0,2,8,2,1,3,0,1,0,0,1,1,1,4,2,0,0,1,1,1,1,0,0,0,0
61,GCF_003628695.1,Pectobacterium,parmentieri,0,1,1,1,0,0,3,1,1,0,0,1,0,1,1,1,0,1,0,0,0,3,0,0,3,0,0,1,0,1,2,0,0,1,0,0,4,0,1,1,0,1,1,2,0,0,0,2,1,0,1,1,0,2,2,0,7,0,0,0,2,1,0,0,3,0,0,0,1,2,0,0,0,3,0,1,1,1,1,0,0,2,3,0,0,1,0,1,1,0,1,0,0,0,1,1,0,0,0,0,1,12,0,0,1,1,1,0,2,7,0,1,3,0,1,0,2,0,1,0,3,0,1,0,1,1,1,0,0,0,0,0
62,GCF_004296685.1,Pectobacterium,carotovorum,0,0,0,1,0,0,3,1,0,1,0,0,0,1,1,0,0,0,0,0,0,4,0,0,3,0,0,0,0,1,2,0,0,1,0,0,5,0,1,1,0,1,1,2,1,0,0,2,1,1,1,0,1,2,1,0,10,0,1,0,2,1,0,0,3,0,0,0,1,2,1,0,1,2,0,1,1,1,1,0,1,1,3,0,0,0,0,1,1,0,1,0,0,1,1,1,0,0,0,0,1,9,0,0,1,1,1,0,2,2,0,1,3,0,1,0,0,1,1,1,3,0,1,0,1,1,1,1,0,0,0,0
63,GCF_016949135.1,Pectobacterium,brasiliense,0,1,0,1,0,0,3,1,1,2,0,0,0,1,2,0,0,0,0,0,0,3,0,0,3,0,0,0,0,1,2,0,1,1,0,0,5,0,1,1,0,1,0,1,1,0,0,2,1,0,1,0,1,2,1,0,11,0,0,0,2,0,0,0,3,0,0,0,1,3,1,0,1,2,0,1,1,1,1,0,1,1,2,0,0,0,0,1,1,0,0,0,0,0,1,0,0,0,0,0,1,10,0,1,1,1,1,0,2,2,0,1,3,0,1,0,1,1,1,0,4,0,1,0,1,1,0,1,0,0,1,1
64,GCF_013449535.1,Pectobacterium,brasiliense,0,0,1,1,0,0,3,1,1,2,0,0,1,1,2,0,0,0,0,0,0,5,0,0,3,0,0,0,0,1,2,0,1,1,0,0,5,0,1,1,0,1,0,2,1,0,0,2,0,0,1,0,1,1,1,0,8,0,0,0,2,0,0,0,3,0,0,0,1,3,2,0,1,2,0,1,1,1,1,0,1,1,3,0,0,0,0,1,1,0,0,0,0,0,1,0,0,0,0,0,1,10,0,0,1,1,1,1,2,2,1,1,2,0,1,0,2,1,1,0,3,0,1,0,1,1,0,1,0,0,1,0
65,GCF_018219365.1,Pectobacterium,versatile A,0,1,0,1,0,0,3,1,0,1,0,0,0,1,1,1,0,0,0,0,0,4,0,0,3,0,0,0,0,1,2,0,0,1,0,0,5,0,1,1,0,1,1,2,1,0,0,2,1,1,1,0,1,2,1,0,10,0,1,1,2,1,0,0,3,0,0,0,1,5,3,0,1,2,0,1,2,1,1,0,1,1,2,0,0,0,0,1,1,0,1,0,0,1,2,0,0,0,0,0,1,7,0,0,1,1,1,0,2,5,1,1,3,0,1,0,2,1,1,1,3,0,1,0,1,1,1,1,0,0,0,0
66,GCF_009931575.1,Pectobacterium,polaris,0,1,0,1,0,0,3,0,0,0,0,0,0,1,1,0,0,0,0,0,0,6,0,0,2,0,0,0,0,1,2,0,1,1,0,0,5,0,1,1,0,1,1,2,1,0,0,2,1,1,1,0,1,1,1,0,6,0,0,1,2,0,0,0,3,0,1,0,1,5,1,0,2,1,0,1,1,1,1,0,1,1,2,0,0,1,0,1,0,0,0,0,0,0,1,1,0,0,0,0,1,7,0,0,1,1,1,0,2,4,1,1,3,0,1,0,2,1,1,0,4,0,0,1,1,1,0,0,0,0,0,0
67,GCF_013449375.1,Pectobacterium,sp013449375,0,1,0,1,0,0,3,1,0,2,0,0,0,1,1,0,0,0,0,0,0,4,0,0,3,1,0,0,0,1,2,0,0,1,0,0,4,0,1,1,0,1,0,2,1,0,0,2,0,1,1,0,1,2,1,0,10,0,0,0,2,0,0,0,2,0,0,0,1,1,1,0,1,2,0,1,1,1,1,0,1,1,2,0,0,0,0,1,1,0,1,0,0,0,1,0,0,0,0,0,1,10,0,1,1,1,1,1,2,1,0,1,3,0,1,0,1,1,1,0,2,0,1,0,1,1,0,1,0,0,1,0
68,GCF_013449395.1,Pectobacterium,carotovorum,0,0,0,1,0,0,3,1,0,1,0,0,0,0,2,1,0,0,0,0,0,3,0,0,3,0,0,0,0,1,2,0,0,1,0,0,5,0,1,1,0,1,0,2,1,0,0,2,1,1,1,0,1,2,1,0,9,1,0,0,2,0,0,0,3,0,0,0,1,3,2,0,1,2,0,1,1,1,1,0,1,1,2,0,0,0,0,1,1,0,1,0,0,1,1,1,0,0,0,0,1,9,0,0,1,1,1,1,2,2,0,1,3,0,1,0,2,1,1,1,3,0,1,1,1,1,1,1,0,0,1,0
69,GCF_003992745.1,Pectobacterium,parmentieri,0,1,1,1,0,0,3,1,1,0,0,1,0,1,1,1,0,1,0,0,0,4,0,0,3,0,0,1,0,1,2,0,0,1,0,0,4,0,1,1,0,1,1,2,0,0,0,2,1,0,1,1,0,2,2,0,8,0,0,0,2,1,0,0,3,0,0,0,1,4,2,0,0,3,0,1,1,1,1,0,0,2,3,0,0,1,0,1,1,0,1,0,0,0,2,1,0,0,0,0,1,11,0,0,1,1,1,0,2,6,0,1,3,0,1,0,2,0,1,0,3,0,1,0,1,1,1,0,0,0,0,0
70,GCF_018361125.1,Dickeya,dianthicola,0,0,0,0,0,0,3,2,1,0,1,0,2,1,2,0,0,0,0,0,0,3,0,0,2,0,0,0,0,0,1,0,1,1,0,0,5,0,0,1,0,1,2,2,0,0,1,1,1,0,1,1,1,0,1,0,5,0,0,1,2,0,0,0,2,0,0,2,1,6,1,0,1,3,0,1,2,1,1,0,0,1,1,2,0,0,0,1,1,0,0,0,1,1,1,2,0,0,0,0,1,10,0,0,1,1,1,0,2,5,1,1,3,0,1,0,0,1,1,1,4,0,2,0,1,1,1,1,0,0,0,1
71,GCF_000400795.1,Dickeya,solani,0,0,0,0,0,0,3,1,1,0,0,0,2,1,1,0,0,0,0,0,0,1,0,1,3,1,0,0,0,0,1,0,1,1,0,0,5,0,0,1,0,1,1,2,1,1,0,1,1,0,1,1,1,0,0,0,5,0,1,1,2,0,0,0,2,0,0,2,1,3,0,0,1,2,1,1,1,1,1,0,0,1,1,1,1,0,0,1,1,0,0,0,0,0,1,2,0,0,0,0,1,14,0,0,1,1,1,0,2,8,1,1,3,0,1,0,0,1,1,0,4,0,2,0,1,1,1,1,0,0,0,0
72,GCF_003628575.1,Pectobacterium,parmentieri,0,1,1,1,0,0,3,1,1,0,0,1,0,1,1,1,0,1,0,0,0,3,0,0,3,0,0,1,0,1,2,0,0,1,0,0,4,0,1,1,0,1,1,2,0,0,0,2,1,0,1,1,0,2,2,0,8,0,0,0,2,1,0,0,3,0,0,0,1,3,0,0,0,3,0,1,1,1,1,0,0,2,3,0,0,1,0,1,1,0,1,0,0,0,2,1,0,0,0,0,1,11,0,0,1,1,1,0,2,6,0,1,3,0,1,0,2,0,1,0,3,0,1,0,1,1,1,0,0,0,0,0
73,GCF_000738115.1,Pectobacterium,brasiliense,0,1,1,1,0,0,3,1,1,1,0,0,1,1,2,0,0,0,0,0,0,3,0,0,3,0,1,0,0,1,2,0,1,1,0,0,5,0,1,1,0,1,1,2,1,0,0,2,1,0,1,1,1,1,1,0,10,0,0,0,2,0,0,0,3,0,0,0,1,3,2,0,1,2,0,1,1,1,1,0,1,1,3,0,0,0,0,1,1,0,0,0,0,0,1,0,0,0,0,0,1,10,0,1,1,1,1,0,2,3,0,1,3,0,1,0,1,1,1,0,4,0,1,0,1,1,1,1,0,0,0,0
74,GCF_002904055.1,Pectobacterium,carotovorum,0,1,0,1,0,0,3,1,0,1,0,0,0,1,1,1,1,0,0,0,0,4,0,0,3,0,0,0,0,1,2,0,0,1,0,0,5,0,1,1,0,1,1,2,1,0,0,2,2,1,1,0,0,2,1,0,9,0,0,0,2,0,0,0,3,0,0,0,1,2,3,0,1,2,0,0,2,1,0,0,3,1,1,0,0,0,0,1,1,0,1,0,0,1,1,1,0,0,0,0,1,12,0,0,1,1,1,0,2,6,0,1,3,0,1,0,2,1,1,1,3,0,1,0,1,1,1,1,0,0,0,0
75,GCF_016949735.1,Pectobacterium,brasiliense,0,1,0,1,0,0,3,1,1,2,0,0,0,1,2,0,0,0,0,0,0,4,0,0,3,0,1,0,0,1,2,0,1,1,0,0,5,0,1,1,0,1,0,2,1,0,0,2,1,0,1,0,1,2,1,0,10,0,0,0,2,0,0,0,3,0,0,0,1,2,1,0,1,2,0,1,1,1,1,0,1,1,2,0,0,0,0,1,1,0,0,0,0,0,1,0,0,0,0,0,1,10,0,1,1,1,1,0,2,2,0,1,3,0,1,0,1,1,1,0,4,0,1,0,1,1,0,1,0,0,1,0
76,GCF_001401695.1,Dickeya,solani,0,0,0,0,0,0,3,1,1,0,0,0,2,1,2,0,0,0,0,0,0,2,0,1,3,1,0,0,0,0,1,0,1,1,0,0,5,0,0,1,0,1,1,2,1,1,0,1,1,0,1,1,1,0,1,0,5,0,0,1,2,0,0,0,2,0,0,2,1,3,0,0,1,2,1,1,1,1,1,0,0,1,1,1,0,0,0,1,1,0,0,0,0,0,1,2,0,0,0,0,1,14,0,0,1,1,1,0,2,8,1,1,3,0,1,0,0,1,1,0,4,0,2,0,1,1,1,1,0,0,0,1
77,GCF_004137795.1,Pectobacterium,zantedeschiae,0,1,1,1,0,0,3,1,1,1,0,0,0,1,1,1,0,0,0,0,0,5,0,0,4,1,0,0,0,1,2,0,0,1,0,0,3,0,1,1,0,1,1,2,1,0,0,2,1,0,1,0,2,2,1,0,9,0,0,0,2,0,0,0,3,1,0,1,1,2,2,0,1,3,0,1,1,1,0,0,2,1,2,0,0,0,0,1,1,0,1,1,0,0,1,1,0,0,0,0,1,13,0,0,1,1,1,0,2,1,0,1,4,0,1,0,4,1,1,0,4,0,3,0,1,1,1,1,0,0,0,0
78,GCF_003600995.1,Dickeya,solani,0,0,0,0,0,0,3,1,1,0,0,0,2,1,2,0,0,0,0,0,0,2,0,1,3,1,0,0,0,0,1,0,1,1,0,0,5,0,0,1,0,1,1,3,1,1,0,1,1,0,1,1,1,0,1,0,5,0,0,1,2,0,0,0,2,0,0,2,1,3,0,0,1,2,1,1,1,1,1,0,0,1,1,1,0,0,0,1,1,0,0,0,0,0,1,2,0,0,0,0,1,14,0,0,1,1,1,0,2,8,1,1,3,0,1,0,0,1,1,0,4,0,2,0,1,1,1,1,0,0,0,0
79,GCF_013449415.1,Pectobacterium,carotovorum,0,0,0,1,0,0,3,1,0,1,0,0,0,1,1,1,0,0,0,0,0,3,0,0,3,0,0,0,0,1,2,0,0,1,0,0,5,0,1,1,0,1,0,2,1,0,0,2,1,1,1,0,1,2,1,0,10,0,1,0,2,0,0,0,3,0,0,0,1,2,1,0,1,2,0,1,1,1,1,0,1,1,3,0,0,0,0,1,1,0,1,0,0,1,1,1,0,0,0,0,1,7,0,0,1,1,1,0,2,1,1,1,3,0,1,0,1,1,1,1,3,0,1,1,1,1,1,1,0,0,1,0
80,GCF_000400565.1,Dickeya,solani,0,0,0,0,0,0,3,0,1,0,0,0,2,1,1,0,0,0,0,0,0,1,0,1,3,1,0,0,0,0,1,0,1,1,0,0,5,0,0,1,0,1,1,1,1,1,0,1,1,0,1,1,1,0,0,0,5,0,1,1,2,0,0,0,2,0,0,2,1,4,0,0,1,2,1,1,1,1,1,0,0,1,1,1,1,0,0,1,1,0,0,0,0,0,1,2,0,0,0,0,1,14,0,0,1,1,1,0,2,8,1,1,3,0,1,0,0,1,1,0,4,0,2,0,1,1,1,1,0,0,0,1
81,GCF_001417915.1,Dickeya,solani,0,0,0,0,0,0,3,1,1,0,0,0,2,1,2,0,0,0,0,0,0,2,0,1,3,1,0,0,0,0,1,0,1,1,0,0,5,0,0,1,0,1,1,3,1,1,0,1,1,0,1,1,1,0,1,0,5,0,0,1,2,0,0,0,2,0,0,2,1,3,0,0,1,2,1,1,1,1,1,0,0,1,1,1,0,0,0,1,1,0,0,0,0,0,1,2,0,0,0,0,1,14,0,0,1,1,1,0,2,8,1,1,3,0,1,0,0,1,1,0,4,0,2,0,1,1,1,1,0,0,0,0
82,GCF_000025065.1,Dickeya,zeae,0,1,0,0,0,0,3,1,1,0,0,0,1,1,2,0,0,0,0,0,0,3,0,0,0,1,1,0,0,0,1,0,1,1,0,0,5,0,0,1,0,1,1,2,0,0,0,1,1,0,1,1,1,0,1,0,4,0,0,2,3,0,0,0,2,0,0,1,1,3,0,0,2,2,0,1,1,2,1,0,0,1,0,1,0,0,0,2,1,0,0,0,0,1,1,2,0,0,0,0,1,12,0,0,1,1,1,0,2,15,1,1,3,0,1,0,0,1,1,1,4,0,1,0,1,1,0,1,0,0,0,1
83,GCF_016404885.1,Dickeya,solani,0,0,0,0,0,0,3,1,1,0,0,0,2,1,2,0,0,0,0,0,0,2,0,1,2,1,0,0,0,0,1,0,1,1,0,0,5,0,0,1,0,1,1,3,1,1,0,1,1,0,1,1,1,0,1,0,5,0,0,1,2,0,0,0,2,0,0,2,1,3,0,0,2,2,1,1,1,1,1,0,0,1,1,1,0,0,0,1,1,0,0,0,0,0,1,2,0,0,0,0,1,14,0,0,1,1,1,0,2,8,1,1,3,0,1,0,0,1,1,0,4,0,2,0,1,1,1,1,0,0,0,0
84,GCF_016944255.1,Pectobacterium,brasiliense,0,0,1,1,0,0,3,1,0,1,0,0,1,1,2,0,0,0,0,0,0,3,0,0,3,0,0,0,0,1,2,0,1,1,0,0,5,0,1,1,0,1,1,2,1,0,0,2,1,1,1,1,1,1,1,0,10,0,0,0,2,0,0,0,3,0,0,0,1,2,1,0,1,2,0,1,1,1,1,0,1,1,3,0,0,0,0,1,1,0,0,0,0,0,1,0,0,0,0,0,1,11,0,1,1,1,1,0,2,5,0,1,3,0,1,0,1,1,1,0,4,0,1,0,1,1,1,1,0,0,0,0
85,GCF_016949255.1,Pectobacterium,brasiliense,0,0,1,1,0,0,3,1,1,1,0,0,1,1,2,1,0,0,0,0,0,5,0,0,2,0,1,0,0,1,2,0,1,1,0,0,5,0,1,1,0,1,0,2,1,0,0,2,1,0,1,1,1,1,1,2,9,0,0,1,2,0,0,0,3,0,0,1,1,3,2,0,1,2,0,1,1,1,1,0,1,1,3,0,0,0,0,1,1,0,0,0,0,0,1,0,0,0,0,0,1,10,0,0,1,1,1,0,2,4,1,1,3,0,1,0,0,0,1,0,3,0,1,0,1,1,1,1,0,0,1,0
86,GCF_000406205.1,Dickeya,fangzhongdai,0,1,0,0,1,0,3,1,1,0,0,0,2,1,2,0,0,0,0,0,0,2,0,0,2,0,1,0,0,0,1,0,1,1,0,0,6,1,0,1,0,1,1,3,1,1,1,2,1,0,1,1,1,0,1,0,5,0,0,1,2,0,0,0,2,0,0,2,1,4,2,1,3,3,0,1,1,2,1,0,0,1,1,1,0,0,0,1,1,0,0,0,0,0,1,2,0,0,0,0,1,15,0,0,1,1,1,0,2,5,1,1,3,0,1,0,3,1,1,0,4,0,2,0,1,1,1,1,0,0,0,0
87,GCF_018361085.1,Dickeya,dianthicola,0,0,0,0,0,0,3,2,1,0,1,0,2,1,2,0,0,0,0,0,0,3,0,0,2,0,0,0,0,0,1,0,1,1,0,0,5,0,0,1,0,1,2,2,0,0,1,1,1,0,1,1,1,0,1,0,5,0,0,1,2,0,0,0,2,0,0,2,1,6,1,0,1,3,0,1,2,1,1,0,0,1,1,2,0,0,0,1,1,0,0,0,1,1,1,2,0,0,0,0,1,10,0,0,1,1,1,0,2,5,1,1,3,0,1,0,0,1,1,1,4,0,2,0,1,1,1,1,0,0,0,1
88,GCF_002906735.1,Dickeya,dianthicola,0,0,0,0,0,0,3,2,1,0,1,0,2,1,2,0,0,0,0,0,0,3,0,0,2,0,0,0,0,0,1,0,1,1,0,0,5,0,0,1,0,1,2,2,0,0,1,1,1,0,1,1,1,0,1,0,5,0,0,1,2,0,0,0,2,0,0,2,1,6,1,0,1,3,0,1,2,1,1,0,0,1,1,2,0,0,0,1,1,0,0,0,1,1,1,2,0,0,0,0,1,10,0,0,1,1,1,0,2,5,1,1,3,0,1,0,0,1,1,1,4,0,2,0,1,1,1,1,0,0,0,1
89,GCF_002904005.1,Pectobacterium,carotovorum,0,1,0,1,0,0,3,1,0,1,0,0,0,1,1,1,1,0,0,0,0,4,0,0,3,0,0,0,0,1,2,0,0,1,0,0,5,0,1,1,0,1,1,2,1,0,0,2,2,1,1,0,0,2,1,1,9,0,0,0,2,0,0,0,3,0,0,0,1,4,2,0,1,2,0,0,2,1,0,0,3,1,1,0,0,0,0,1,1,0,0,0,0,1,1,1,0,0,0,0,1,8,0,0,1,1,1,1,2,4,1,1,3,0,1,0,1,1,1,1,4,0,1,0,1,1,1,1,0,0,0,0
90,GCF_016949995.1,Pectobacterium,brasiliense,0,1,1,1,0,0,3,1,0,2,0,0,1,1,2,1,0,0,0,0,0,5,0,0,3,0,0,0,0,1,2,0,1,1,0,0,5,0,1,1,0,1,0,2,1,0,0,2,1,1,1,0,1,1,1,2,10,0,0,1,2,0,0,0,3,0,0,0,1,3,1,0,1,2,0,1,1,1,1,0,1,1,3,0,0,0,0,1,1,0,0,0,0,0,1,0,0,0,0,0,1,10,0,0,1,1,1,0,2,4,1,1,3,0,1,0,0,1,1,0,4,0,1,0,1,1,0,1,0,0,1,0
91,GCF_000808355.1,Pectobacterium,brasiliense,0,0,1,1,0,0,3,1,1,1,0,0,1,1,2,0,0,0,0,0,0,4,0,0,3,0,0,0,0,1,2,0,1,1,0,0,5,0,1,1,0,1,1,2,1,0,0,2,1,0,1,1,1,1,1,0,10,0,0,0,2,0,0,0,3,0,0,0,1,2,1,0,1,2,0,1,1,1,1,0,1,1,2,0,0,0,0,1,1,0,0,0,0,0,1,0,0,0,0,0,1,9,0,1,1,1,1,1,2,2,0,1,3,0,1,0,1,1,1,0,3,0,1,0,1,1,1,1,0,0,0,0
92,GCF_018628895.1,Dickeya,dianthicola,0,0,0,0,0,0,3,2,1,0,1,0,2,1,2,0,0,0,0,0,0,3,0,0,2,0,0,0,0,0,1,0,1,1,0,0,5,0,0,1,0,1,2,2,0,0,1,1,1,0,1,1,1,0,1,0,5,0,0,1,2,0,0,0,2,0,0,2,1,6,1,0,1,3,0,1,2,1,1,0,0,1,1,2,0,0,0,1,1,2,0,0,1,1,1,2,0,0,0,0,1,10,0,0,1,1,1,0,2,5,1,1,3,0,1,0,0,1,1,1,4,0,2,0,1,1,1,1,0,0,0,1
93,GCF_017656535.1,Dickeya,fangzhongdai,0,1,0,0,1,0,2,1,1,0,0,0,2,1,2,0,0,0,0,0,0,2,0,1,1,0,0,0,0,0,1,0,1,1,0,1,6,1,0,1,0,1,1,3,1,1,1,2,2,0,1,1,1,0,1,0,4,0,0,1,2,0,0,0,2,0,0,3,1,2,2,0,2,3,1,1,1,2,1,0,0,1,1,1,0,0,0,1,1,0,0,0,0,0,1,2,0,0,0,0,1,12,0,0,1,1,1,0,2,9,1,1,3,0,1,0,0,1,0,0,4,0,1,0,1,1,1,1,0,0,0,0
94,GCF_900095885.1,Dickeya,aquatica,0,0,0,0,0,0,3,1,0,1,0,0,1,1,1,0,0,0,0,0,0,2,0,0,0,1,0,1,0,0,1,0,1,1,0,0,5,1,0,1,0,1,1,2,0,0,1,1,1,1,1,0,1,0,2,0,4,0,0,3,2,0,0,0,1,0,0,1,1,2,0,0,2,2,0,1,1,1,1,0,0,1,1,1,0,0,0,0,1,0,0,0,0,1,1,2,0,0,0,0,1,7,0,0,1,1,1,0,2,3,1,1,3,0,1,0,0,0,1,1,5,0,0,0,1,1,1,1,0,0,1,1
95,GCF_002924265.1,Dickeya,solani,0,0,0,0,0,0,3,1,1,0,0,0,2,1,2,0,0,0,0,0,0,2,0,1,2,1,0,0,0,0,1,0,1,1,0,0,5,0,0,1,0,1,1,3,1,1,0,1,1,0,1,1,1,0,1,0,5,0,0,1,2,0,0,0,2,0,0,2,1,3,0,0,1,2,1,1,1,1,1,0,0,1,1,1,0,0,0,1,1,0,0,0,0,0,1,2,0,0,0,0,1,14,0,0,1,1,1,0,2,8,1,1,3,0,1,0,0,1,1,0,4,0,2,0,1,1,1,1,0,0,0,0
96,GCF_000260925.1,Pectobacterium,parmentieri,0,1,1,1,0,1,3,1,1,0,0,1,0,1,1,1,0,1,0,0,1,7,0,0,3,0,0,0,0,1,2,0,0,1,0,0,4,0,1,1,0,1,1,2,0,0,0,2,1,0,1,1,0,2,2,0,8,0,0,0,2,1,0,0,3,0,0,0,1,4,0,0,0,3,0,1,1,1,1,0,0,2,3,0,0,1,0,1,1,0,1,0,0,0,2,1,0,0,1,0,1,12,0,1,1,1,1,1,2,6,0,1,4,1,1,0,2,0,1,0,2,0,1,0,1,1,1,0,0,0,0,0
97,GCF_016950185.1,Pectobacterium,brasiliense,0,1,1,1,0,0,3,1,0,2,0,0,1,1,1,1,0,0,0,0,0,5,0,0,3,0,0,0,0,1,2,0,1,1,0,0,4,0,1,1,0,1,0,2,1,0,0,2,1,1,1,0,1,1,1,2,9,0,0,1,2,0,0,0,3,0,0,0,1,3,1,0,1,2,0,1,1,1,1,0,0,1,3,0,0,0,0,1,1,0,0,0,0,0,1,0,0,0,0,0,1,10,0,0,1,1,1,0,2,4,1,0,3,0,1,0,0,1,1,0,4,0,2,0,1,1,0,1,0,0,1,0
98,GCF_002706485.1,Dickeya,dianthicola,0,0,0,0,0,0,3,2,1,0,1,0,2,1,2,0,0,0,0,0,0,2,0,0,2,0,0,0,0,0,1,0,1,1,0,0,5,0,0,1,0,1,1,3,0,0,1,1,1,0,1,1,1,0,1,0,5,0,0,2,2,0,0,0,2,0,0,1,1,4,0,0,1,3,0,1,2,1,1,0,0,1,1,2,0,0,0,1,1,2,0,0,1,1,1,2,0,0,0,0,1,10,0,0,1,1,1,0,2,5,1,1,3,0,1,0,0,1,1,1,4,0,2,0,1,1,1,1,0,0,1,0
99,GCF_003725615.1,Dickeya,undicola,0,0,0,0,0,0,3,1,1,0,0,0,2,1,1,0,0,0,0,0,0,2,0,0,1,1,0,0,0,0,1,0,1,1,0,0,6,0,0,1,0,1,0,3,1,0,0,1,1,0,1,1,1,0,1,0,6,0,0,3,2,0,0,0,2,0,0,2,1,4,2,0,2,2,0,1,1,2,1,0,0,1,1,1,0,0,0,2,1,0,0,0,0,0,1,2,0,0,0,0,1,10,0,0,1,1,1,0,2,10,1,1,3,0,1,0,0,1,1,0,4,0,1,0,1,1,0,1,0,0,1,0
100,GCF_003382595.2,Pectobacterium,aquaticum,0,1,0,1,0,0,3,1,0,1,0,0,0,1,1,0,0,0,0,0,0,3,0,0,2,0,0,0,0,1,2,1,0,1,0,0,4,0,1,1,0,1,1,2,0,0,0,2,1,1,1,0,1,1,1,0,9,0,0,0,2,0,0,0,2,0,0,0,1,4,3,0,1,2,0,1,1,1,1,1,1,1,2,0,0,0,0,1,1,0,0,0,0,1,1,1,0,0,0,0,1,5,0,0,1,1,1,0,2,3,1,1,3,0,1,0,1,0,0,1,3,0,0,0,1,1,1,0,0,0,0,0
101,GCF_003725575.1,Dickeya,undicola,0,0,0,0,0,0,3,1,1,0,0,0,2,1,1,0,0,0,0,0,0,2,0,0,1,1,0,0,0,0,1,0,1,1,0,0,6,0,0,1,0,1,0,3,1,0,1,1,1,0,1,1,1,0,1,0,5,0,0,2,2,0,0,0,2,0,0,2,1,2,0,0,2,2,0,1,1,2,1,0,0,1,1,1,0,0,0,1,1,0,0,0,0,0,1,2,0,0,0,0,1,10,0,0,1,1,1,0,2,8,1,1,3,0,1,0,0,1,1,0,4,0,1,0,1,1,0,1,0,0,1,0
102,GCF_013449475.1,Pectobacterium,brasiliense,0,0,1,1,0,0,3,1,1,2,0,0,1,1,2,0,0,0,0,0,0,3,0,0,3,0,0,0,0,1,1,0,1,1,0,0,5,0,1,1,0,1,0,2,1,0,0,2,0,0,1,0,1,1,1,0,9,0,0,0,2,0,0,0,3,0,0,0,1,2,1,0,1,2,0,1,1,1,1,0,1,1,3,0,0,0,0,1,1,0,0,0,0,0,1,0,0,1,0,0,1,11,0,1,1,1,1,1,2,3,0,1,3,0,1,0,2,1,1,0,3,0,1,0,1,1,0,1,0,0,1,0
103,GCF_016950195.1,Pectobacterium,brasiliense,0,1,1,1,0,0,3,1,0,1,0,0,1,1,1,1,0,0,0,0,0,4,0,0,3,0,0,0,0,1,2,0,1,1,0,0,5,0,1,1,0,1,0,1,1,0,0,2,1,1,1,0,1,1,1,0,11,0,0,0,2,0,0,0,4,0,0,0,1,3,1,0,1,2,0,1,1,1,1,0,2,1,2,0,0,0,0,1,1,0,0,0,0,0,1,0,0,0,0,0,1,10,0,0,1,1,1,0,2,2,1,1,3,0,1,0,2,1,1,0,3,0,1,1,1,1,1,1,0,0,1,1
104,GCF_016949795.1,Pectobacterium,brasiliense,0,0,1,1,0,0,3,1,0,2,0,0,1,1,1,0,0,0,0,0,0,4,0,0,3,0,0,0,0,1,2,0,1,1,0,0,5,0,1,1,0,1,0,2,1,0,0,2,1,1,1,0,1,1,1,0,10,0,0,0,2,0,0,0,3,0,0,0,1,5,2,0,1,2,0,1,1,1,1,0,1,1,3,0,0,0,0,1,1,0,0,0,0,0,1,0,0,0,0,0,1,9,0,1,1,1,1,0,2,2,0,1,3,0,1,0,1,1,1,0,4,0,1,0,1,1,1,1,0,0,1,0
105,GCF_016950275.1,Pectobacterium,parmentieri,0,1,1,1,0,0,3,1,1,0,0,1,0,1,1,1,0,1,0,0,0,4,0,0,3,0,0,1,0,1,2,0,0,1,0,0,4,0,1,1,0,1,0,2,0,0,0,2,1,0,1,1,0,2,2,0,7,0,0,0,2,1,0,0,3,0,0,0,1,3,0,0,0,3,0,1,1,1,1,0,0,2,3,0,0,1,0,1,1,0,1,0,0,0,1,1,0,1,0,0,1,11,0,0,1,1,1,0,2,7,0,1,3,0,1,0,2,0,1,0,3,0,1,0,1,1,1,0,0,0,1,0
106,GCF_000757625.1,Pectobacterium,parmentieri,0,1,1,1,0,0,3,1,1,0,0,1,0,1,1,1,0,1,0,0,0,3,0,0,3,0,0,1,0,1,2,0,0,1,0,0,4,0,1,1,0,1,1,2,0,0,0,2,1,0,1,1,0,2,2,0,8,0,0,0,2,1,0,0,3,0,0,0,1,3,1,0,0,3,0,1,1,1,1,0,0,2,3,0,0,1,0,1,1,0,1,0,0,0,2,1,0,0,0,0,1,11,0,0,1,1,1,0,2,6,0,1,3,0,1,0,2,0,1,0,3,0,1,0,1,1,1,0,0,0,0,0
107,GCF_000511285.2,Dickeya,solani,0,0,0,0,0,0,3,1,1,0,0,0,2,1,2,0,0,0,0,0,0,2,0,1,3,1,0,0,0,0,1,0,1,1,0,0,5,0,0,1,0,1,1,2,1,1,0,1,1,0,1,1,1,0,1,0,5,0,0,1,2,0,0,0,2,0,0,2,1,3,0,0,1,2,1,1,1,1,1,0,0,1,1,1,0,0,0,1,1,0,0,0,0,0,1,2,0,0,0,0,1,14,0,0,1,1,1,0,2,8,1,1,3,0,1,0,0,1,1,0,4,0,2,0,1,1,1,1,0,0,0,1
108,GCF_002904125.1,Pectobacterium,carotovorum,0,1,0,1,0,0,3,1,0,1,0,0,0,1,1,1,1,0,0,0,0,3,0,0,3,0,0,0,0,1,2,0,0,1,0,0,5,0,1,1,0,1,1,2,1,0,0,2,2,1,1,0,0,2,1,0,9,0,0,0,2,1,0,0,3,0,0,0,1,4,2,0,1,2,0,0,2,1,0,0,3,1,1,0,0,0,0,1,1,0,1,0,0,1,1,1,0,0,0,0,1,10,0,0,1,1,1,1,2,4,1,1,3,0,1,0,2,1,1,1,4,0,1,0,1,1,1,1,0,0,0,0
109,GCF_016949375.1,Pectobacterium,brasiliense,0,1,1,1,0,0,3,1,0,2,0,0,1,1,2,1,0,0,0,0,0,5,0,0,3,0,0,0,0,1,2,0,1,1,0,0,5,0,1,1,0,1,0,2,1,0,0,2,1,1,1,0,1,1,1,2,10,0,0,1,2,0,0,0,3,0,0,0,1,3,1,0,1,2,0,1,1,1,1,0,1,1,3,0,0,0,0,1,1,0,0,0,0,0,1,0,0,0,0,0,1,10,0,0,1,1,1,0,2,4,1,1,3,0,1,0,0,1,1,0,4,0,1,0,1,1,0,1,0,0,1,0
110,GCF_013334125.1,Dickeya,solani,0,0,0,0,0,0,3,1,1,0,0,0,2,1,2,0,0,0,0,0,0,2,0,1,3,1,0,0,0,0,1,0,1,1,0,0,5,0,0,1,0,1,1,3,1,1,0,1,1,0,1,1,1,0,1,0,5,0,0,1,2,0,0,0,2,0,0,2,1,3,0,0,1,2,1,1,1,1,1,0,0,1,1,1,0,0,0,1,1,0,0,0,0,0,1,2,0,0,0,0,1,14,0,0,1,1,1,0,2,8,1,1,3,0,1,0,0,1,1,0,4,0,2,0,1,1,1,1,0,0,0,0
111,GCF_001644705.1,Dickeya,solani,0,0,0,0,0,0,3,1,1,0,0,0,2,1,2,0,0,0,0,0,0,2,0,1,3,1,0,0,0,0,1,0,1,1,0,0,5,0,0,1,0,1,1,3,1,1,0,1,1,0,1,1,1,0,1,0,5,0,0,1,2,0,0,0,2,0,0,2,1,3,0,0,1,2,1,1,1,1,1,0,0,1,1,1,0,0,0,1,1,0,0,0,0,0,1,2,0,0,0,0,1,14,0,0,1,1,1,0,2,8,1,1,3,0,1,0,0,1,1,0,4,0,2,0,1,1,1,1,0,0,0,0
112,GCF_002804265.1,Pectobacterium,atrosepticum,0,0,1,1,0,0,3,1,0,1,0,1,0,1,1,1,0,1,0,0,0,6,0,0,3,0,0,0,0,1,2,0,1,1,1,0,5,0,1,1,0,1,1,1,1,0,0,2,1,1,1,0,0,2,1,2,9,0,0,0,2,0,0,0,4,0,0,0,1,3,0,0,1,3,0,1,1,1,1,0,2,1,2,0,0,0,0,1,1,0,0,0,0,0,1,1,0,0,0,0,1,10,0,1,1,1,1,1,2,5,1,1,4,0,1,0,2,1,1,0,4,0,1,0,1,1,1,1,0,0,0,1
113,GCF_016949595.1,Pectobacterium,brasiliense,0,1,1,1,0,0,3,1,0,2,0,0,1,1,2,1,0,0,0,0,0,5,0,0,3,0,0,0,0,1,2,0,1,1,0,0,5,0,1,1,0,1,0,2,1,0,0,2,1,1,1,0,1,1,1,2,10,0,0,1,2,0,0,0,3,0,0,0,1,3,1,0,1,2,0,1,1,1,1,0,1,1,3,0,0,0,0,1,1,0,0,0,0,0,1,0,0,0,0,0,1,10,0,0,1,1,1,0,2,4,1,1,3,0,1,0,0,1,1,0,4,0,1,0,1,1,0,1,0,0,1,0
114,GCF_003628735.1,Pectobacterium,parmentieri,0,1,1,1,0,0,3,1,1,0,0,1,0,1,1,1,0,1,0,0,0,4,0,0,3,0,0,1,0,1,2,0,0,1,0,0,4,0,1,1,0,1,1,2,0,0,0,2,1,0,1,1,0,2,2,0,7,0,0,0,2,1,0,0,3,0,0,0,1,2,0,0,0,3,0,1,1,1,1,0,0,2,3,0,0,1,0,1,1,0,1,0,0,0,1,1,0,1,0,0,1,11,0,0,1,1,1,0,2,7,0,1,3,0,1,0,2,0,1,0,3,0,1,0,1,1,1,0,0,0,0,0
115,GCF_013449485.1,Pectobacterium,brasiliense,0,0,0,1,0,0,3,1,1,2,0,1,1,1,2,0,0,1,0,0,0,3,0,0,3,0,0,0,0,1,2,0,1,1,0,0,5,0,1,1,0,1,0,2,1,0,0,2,0,0,1,0,1,1,1,2,10,0,0,0,2,0,0,0,3,0,0,0,1,3,1,0,1,2,0,1,1,1,1,0,1,1,2,0,0,0,0,1,1,0,0,0,0,1,1,0,0,0,0,0,1,8,0,0,1,1,1,0,2,4,1,1,2,0,1,0,0,1,1,1,4,0,1,0,1,1,1,1,0,0,1,0
116,GCF_002904185.1,Pectobacterium,carotovorum,0,1,0,1,0,0,3,1,0,1,0,0,0,1,1,1,1,0,0,0,0,3,0,0,3,0,0,0,0,1,2,0,0,1,0,0,5,0,1,1,0,1,1,2,1,0,0,2,1,1,1,0,0,2,1,1,9,0,0,0,2,0,0,0,3,0,0,0,1,4,1,0,1,2,0,0,2,1,0,0,3,1,1,0,0,0,0,1,1,0,1,0,0,1,1,1,0,0,0,0,1,8,0,0,1,1,1,0,2,4,1,1,2,0,1,1,1,1,1,1,4,0,1,1,1,1,1,1,0,0,0,0
117,GCF_002921295.1,Pectobacterium,versatile A,0,0,0,1,0,0,3,1,0,1,0,0,0,1,1,1,0,0,0,0,0,3,0,0,3,0,0,0,1,1,2,0,0,1,0,0,5,0,1,1,0,1,1,2,1,0,0,2,1,1,1,0,1,2,1,2,10,0,0,0,2,1,0,0,3,0,0,0,1,2,1,0,1,2,0,1,1,1,1,0,1,1,1,0,0,0,0,1,1,0,1,0,0,1,1,0,0,0,0,0,1,7,0,0,1,1,1,0,2,4,1,1,3,0,1,0,0,1,1,1,4,0,1,0,1,1,1,1,0,0,0,0
118,GCF_002904145.1,Pectobacterium,carotovorum,0,1,0,1,0,0,3,1,0,1,0,0,0,1,1,1,1,0,0,0,0,4,0,0,3,0,0,0,0,1,2,0,0,1,0,0,5,0,1,1,0,1,1,2,1,0,0,2,2,1,1,0,0,2,1,0,9,0,0,0,2,0,0,0,3,0,0,0,1,4,3,0,1,2,0,0,2,1,0,0,3,1,1,0,0,0,0,1,1,0,1,0,0,1,2,1,0,0,0,0,1,7,0,0,1,1,1,0,2,5,1,1,3,0,1,0,2,1,1,1,3,0,1,0,1,1,1,1,0,0,0,0
119,GCF_002068115.1,Pectobacterium,brasiliense,0,1,1,1,0,0,3,1,1,1,0,0,1,1,2,0,0,0,0,0,0,4,0,0,3,0,0,0,0,1,2,0,0,1,0,0,5,0,1,1,0,1,1,2,1,0,0,2,1,0,1,1,1,1,1,2,10,0,0,0,2,0,0,0,3,0,0,0,1,3,0,0,1,2,0,1,1,1,1,0,1,1,2,0,0,0,0,1,1,0,1,0,0,0,1,0,0,0,0,0,1,7,0,0,1,1,1,0,2,4,1,1,5,0,1,0,0,1,1,0,4,0,1,0,1,1,0,1,0,0,0,0
120,GCF_000406285.1,Dickeya,aquatica,0,0,0,0,0,0,3,1,0,1,0,0,1,1,1,0,0,0,0,0,0,2,0,0,0,1,0,1,0,0,1,0,1,1,0,0,5,1,0,1,0,1,1,1,0,0,1,1,1,1,1,0,1,0,2,0,4,0,0,1,2,0,0,0,1,0,0,2,1,2,0,0,2,1,0,1,1,1,1,0,0,1,1,1,0,0,0,1,1,0,0,0,0,1,1,2,0,0,0,0,1,5,0,0,1,1,1,0,2,3,1,1,3,0,1,0,0,0,1,1,5,0,0,0,1,1,0,1,0,0,1,2
121,GCF_000769535.1,Pectobacterium,carotovorum,0,0,0,1,0,0,2,1,1,1,0,0,1,1,1,1,1,0,0,0,0,2,0,0,3,0,0,0,0,1,1,0,0,1,0,0,4,0,1,1,0,1,0,1,1,0,0,1,2,0,1,0,0,1,1,0,7,0,0,0,2,1,0,0,2,0,0,0,1,4,2,0,1,2,0,0,2,1,0,0,3,0,1,0,0,0,0,0,1,0,1,0,0,1,1,0,0,0,0,0,1,8,0,0,1,1,1,1,0,4,1,0,3,0,1,0,2,1,1,1,4,0,1,0,1,1,0,1,0,0,0,0
122,GCF_002906725.1,Dickeya,dianthicola,0,0,0,0,0,0,3,2,1,0,1,0,2,1,2,0,0,0,0,0,0,3,0,0,2,0,0,0,0,0,1,0,1,1,0,0,5,0,0,1,0,1,2,2,0,0,1,1,1,0,1,1,1,0,1,0,5,0,0,1,2,0,0,0,2,0,0,2,1,6,1,0,1,3,0,1,2,1,1,0,0,1,1,2,0,0,0,1,1,0,0,0,1,1,1,2,0,0,0,0,1,10,0,0,1,1,1,0,2,5,1,1,3,0,1,0,0,1,1,1,4,0,2,0,1,1,1,1,0,0,0,1
123,GCF_000365365.1,Dickeya,dianthicola,0,0,0,0,0,0,3,2,1,0,1,0,2,1,2,0,0,0,0,0,0,4,0,0,2,0,0,0,0,0,1,0,1,1,0,0,5,0,0,1,0,1,0,3,0,0,1,1,1,0,1,1,1,0,1,0,4,0,0,2,2,0,0,0,2,0,0,1,1,3,0,0,1,3,0,1,2,1,1,0,0,1,1,2,0,0,0,1,1,1,0,0,1,1,1,2,0,0,0,0,1,7,0,0,1,1,1,0,2,5,1,1,3,0,1,0,0,0,1,1,4,0,2,0,0,1,0,1,0,0,1,0
124,GCF_000816045.1,Dickeya,oryzae,0,0,0,0,0,0,3,0,1,0,0,0,1,1,1,0,0,0,0,0,0,3,0,0,0,1,1,0,0,0,1,0,1,1,0,0,5,0,0,1,0,1,1,3,0,0,1,1,1,0,1,1,1,0,1,0,5,0,0,1,3,0,0,0,2,0,0,1,2,3,1,0,2,1,0,1,1,2,1,0,0,1,0,1,0,0,0,1,1,0,0,0,0,0,1,1,0,0,0,0,1,11,0,0,1,1,1,0,2,6,1,1,3,0,1,0,0,1,1,0,4,0,2,0,1,1,0,0,0,0,0,0
125,GCF_017897585.1,Dickeya,oryzae,0,0,0,0,0,0,3,1,1,0,0,0,1,1,1,0,0,0,0,0,0,4,0,0,0,1,0,0,0,0,1,0,1,1,0,0,5,0,0,1,0,1,1,3,0,0,0,1,1,0,1,1,1,0,1,0,1,0,0,4,2,0,0,0,2,0,0,1,1,3,1,0,1,2,0,1,1,2,1,0,0,1,0,1,0,0,0,1,1,0,0,0,0,1,1,2,0,0,0,0,1,10,0,0,1,1,1,0,2,5,1,1,3,0,1,0,0,1,1,1,5,0,1,0,1,1,0,1,0,0,0,0
126,GCF_009873295.1,Pectobacterium,brasiliense,0,1,1,1,0,0,3,1,1,1,0,0,1,1,1,1,0,0,0,0,0,3,0,0,3,0,0,0,0,1,2,0,1,1,0,0,5,0,1,1,0,1,1,1,1,0,0,2,1,0,1,0,1,1,1,2,11,0,0,0,2,0,0,0,4,0,0,0,1,5,1,0,1,2,0,1,2,1,1,0,2,1,2,0,0,0,0,1,1,0,0,0,0,0,1,0,0,0,0,0,1,11,0,0,1,1,1,1,2,1,1,1,4,0,1,0,1,1,1,0,3,0,1,0,1,1,1,1,0,0,0,1
127,GCF_016949215.1,Pectobacterium,brasiliense A,0,1,0,1,0,0,3,0,1,2,0,0,0,1,1,0,0,0,0,0,0,3,0,0,2,0,0,0,0,1,2,0,0,1,0,0,5,0,1,1,0,1,0,1,1,0,0,2,1,0,1,0,0,2,1,0,9,0,0,0,2,0,0,0,2,0,0,0,1,2,1,0,1,2,0,1,1,1,1,1,1,1,1,0,0,0,0,1,1,0,0,0,0,0,2,0,0,0,0,0,1,7,0,0,1,1,1,0,2,3,0,1,3,0,1,0,1,0,1,0,3,0,0,0,1,1,1,0,0,0,1,1
128,GCF_005497185.1,Pectobacterium,polonicum,0,2,0,1,0,0,3,1,0,1,0,1,0,1,1,1,0,1,0,0,0,6,0,0,3,0,0,0,0,1,2,0,0,1,0,0,5,0,1,1,1,1,1,1,1,0,0,2,1,1,1,0,0,2,1,0,8,0,0,1,2,0,0,0,3,0,0,0,1,2,3,0,1,2,0,0,1,1,1,0,0,1,2,0,0,0,0,1,1,0,1,1,0,0,1,1,0,0,0,0,1,7,0,1,1,1,1,1,2,2,0,1,3,0,1,0,1,0,1,0,3,0,1,0,1,1,1,1,0,0,0,1
129,GCF_003382645.2,Pectobacterium,aquaticum,0,1,0,1,0,0,3,1,0,1,0,0,0,1,1,0,0,0,0,0,0,4,0,0,2,0,0,0,0,1,2,1,0,1,0,0,4,0,1,1,0,1,1,2,0,0,0,2,1,1,1,0,1,1,1,0,9,0,0,1,2,0,0,0,2,0,0,0,1,2,3,0,1,2,0,1,1,1,1,1,1,1,2,0,0,0,1,1,1,0,0,0,0,1,1,1,0,0,0,0,1,3,0,1,1,1,1,1,2,1,1,1,3,0,1,0,2,0,0,1,4,0,0,0,1,1,0,0,0,0,0,0
130,GCF_002904045.1,Pectobacterium,carotovorum,0,0,0,1,0,0,3,1,0,1,0,0,0,1,1,1,1,0,0,0,0,5,0,0,3,0,0,0,0,1,2,0,0,1,0,0,5,0,1,1,0,1,1,2,1,0,0,2,1,1,1,0,0,2,1,1,9,0,0,1,2,0,0,0,3,0,0,0,1,2,1,0,1,2,0,0,2,1,0,0,3,1,1,0,0,0,0,1,1,0,1,0,0,1,1,1,0,0,0,0,1,7,0,0,1,1,1,0,2,4,1,1,3,0,1,0,2,0,1,1,4,0,1,0,1,1,1,1,0,0,0,0
131,GCF_012278405.1,Dickeya,oryzae,0,0,0,0,0,0,3,0,1,0,0,0,1,1,1,0,0,0,0,0,0,3,0,0,0,1,1,0,0,0,1,0,1,1,0,0,5,0,0,1,0,1,1,3,0,0,2,1,1,0,1,1,1,0,1,0,4,0,1,1,3,0,0,0,2,0,0,1,2,1,0,0,2,2,0,1,1,2,1,0,0,1,0,1,0,0,0,1,1,0,0,0,0,0,1,2,0,0,0,0,1,8,0,0,1,1,1,0,2,4,1,1,3,0,1,0,0,1,1,0,5,0,2,0,1,1,0,0,0,0,0,0
132,GCF_018361045.1,Dickeya,dianthicola,0,0,0,0,0,0,3,2,1,0,1,0,2,1,2,0,0,0,0,0,0,3,0,0,2,0,0,0,0,0,1,0,1,1,0,0,5,0,0,1,0,1,2,2,0,0,1,1,1,0,1,1,1,0,1,0,5,0,0,1,2,0,0,0,2,0,0,2,1,6,1,0,1,3,0,1,2,1,1,0,0,1,1,2,0,0,0,1,1,0,0,0,1,1,1,2,0,0,0,0,1,10,0,0,1,1,1,0,2,5,1,1,3,0,1,0,0,1,1,1,4,0,2,0,1,1,1,1,0,0,0,1
133,GCF_000808245.1,Pectobacterium,brasiliense,0,0,0,1,0,0,3,1,1,1,0,0,0,1,2,0,0,0,0,0,0,4,0,0,3,0,0,0,0,1,2,0,1,1,0,0,5,0,1,1,0,1,1,2,1,0,0,2,1,0,1,1,1,2,1,0,10,0,0,0,2,0,0,0,3,0,0,0,1,3,1,0,1,2,0,1,1,1,1,0,1,1,2,0,0,0,0,1,1,0,0,0,0,0,1,0,0,0,0,0,1,10,0,1,1,1,1,0,2,1,0,1,3,0,1,0,1,1,1,0,4,0,1,0,1,1,0,1,0,0,0,0
134,GCF_003628015.1,Pectobacterium,parmentieri,0,1,1,1,0,0,3,1,1,0,0,1,0,1,1,1,0,1,0,0,0,3,0,0,3,0,0,1,0,1,2,0,0,1,0,0,4,0,1,1,0,1,1,2,0,0,0,2,1,0,1,1,0,2,2,0,8,0,0,0,2,1,0,0,3,0,0,0,1,4,1,0,0,3,0,1,1,1,1,0,0,2,3,0,0,1,0,1,1,0,1,0,0,0,1,1,0,0,0,0,1,13,0,0,1,1,1,0,2,6,0,1,3,0,1,0,2,0,1,0,3,0,1,0,1,1,1,0,0,0,0,0
135,GCF_000808415.1,Pectobacterium,polaris,0,1,0,1,0,0,2,0,0,1,0,0,1,1,1,0,0,0,0,0,0,3,0,0,3,0,0,0,0,0,2,0,1,1,0,0,5,0,0,1,0,1,0,1,1,0,0,2,1,0,1,0,1,1,1,0,5,0,0,0,2,0,0,0,3,0,1,0,0,4,3,0,1,2,0,0,1,1,0,0,1,1,2,0,0,1,0,0,1,0,0,0,0,0,1,1,0,0,0,0,1,4,0,0,1,1,1,0,2,4,0,1,3,0,1,0,1,1,1,0,3,0,0,1,1,1,0,0,0,0,0,0
136,GCF_001742185.1,Pectobacterium,wasabiae,0,0,1,1,0,0,3,1,1,2,0,1,0,1,1,1,0,1,0,0,0,4,0,0,3,0,0,0,0,1,0,0,0,1,0,0,4,0,1,1,0,1,1,2,0,0,0,2,1,0,1,0,0,2,1,0,6,0,0,0,1,0,0,0,3,0,0,0,0,4,3,0,0,3,0,1,1,1,0,0,0,0,3,0,0,1,0,1,1,0,1,0,0,0,1,1,0,0,0,0,1,8,0,0,1,1,1,0,2,9,0,1,3,0,1,0,1,0,1,0,3,0,1,0,1,1,1,0,0,0,0,0
137,GCF_900129615.1,Pectobacterium,carotovorum,0,0,0,1,0,0,3,1,0,1,0,0,0,1,2,1,0,0,0,0,0,3,0,0,3,0,0,0,0,1,2,0,0,1,0,0,5,0,1,1,0,1,1,2,1,0,0,2,1,1,1,0,1,2,1,0,10,0,0,0,2,0,0,0,3,0,0,0,1,2,2,0,1,2,0,1,1,1,1,0,1,1,2,0,0,0,0,1,1,0,1,0,0,1,1,1,0,0,0,0,1,10,0,0,1,1,1,1,2,2,0,1,3,0,1,0,2,0,1,1,3,0,1,1,1,1,1,1,0,0,0,0
138,GCF_001932635.1,Pectobacterium,brasiliense,0,1,0,1,0,0,3,1,1,1,0,0,0,1,2,0,0,0,0,0,0,4,0,0,3,0,0,0,0,1,2,0,1,1,0,0,5,0,1,1,0,1,1,2,1,0,0,2,1,0,1,1,1,2,1,0,11,0,0,0,2,0,0,0,3,0,0,0,1,4,1,0,1,2,0,1,1,1,1,0,1,1,2,0,0,0,0,1,1,0,0,0,0,0,1,0,0,0,0,0,1,10,0,1,1,1,1,0,2,3,0,1,3,0,1,0,1,1,1,0,4,0,1,0,1,1,0,1,0,0,0,0
139,GCF_014854775.1,Dickeya,fangzhongdai,0,0,0,0,0,0,3,1,1,0,0,0,2,1,2,0,0,0,0,0,0,4,0,0,1,0,0,0,0,0,1,0,1,1,0,1,6,1,0,1,0,1,1,3,1,2,0,2,1,0,1,1,1,0,1,0,5,0,0,1,2,0,0,0,2,0,0,2,1,2,1,1,2,3,1,1,1,2,1,0,0,1,1,1,0,0,0,1,1,0,0,0,0,0,1,1,0,0,0,0,1,11,0,0,1,1,1,0,2,9,1,1,3,0,1,0,0,1,0,0,4,0,1,0,1,1,1,1,0,0,0,0
140,GCF_002921275.1,Pectobacterium,versatile A,0,1,0,1,0,0,3,1,0,1,0,0,0,1,1,1,0,0,0,0,0,4,0,0,3,0,0,0,0,1,2,0,0,1,0,0,5,0,1,1,0,1,1,2,1,0,0,2,1,1,1,0,1,2,1,2,10,0,1,0,2,0,0,0,3,0,0,1,1,1,1,0,1,2,0,1,1,1,1,0,1,1,2,0,0,0,0,1,1,0,0,0,0,1,1,0,0,0,0,0,1,6,0,0,1,1,1,0,2,4,1,1,3,0,1,0,0,0,1,1,4,0,1,0,1,1,1,1,0,0,0,0
141,GCF_015689195.1,Pectobacterium,aroidearum,0,2,0,1,0,0,3,1,0,1,0,1,0,1,2,1,0,1,0,0,0,5,0,0,3,0,0,0,0,1,2,0,1,1,0,0,5,0,1,1,1,1,1,1,1,0,0,2,1,1,1,0,0,2,1,0,9,0,0,0,2,0,0,0,3,0,0,0,1,4,1,0,2,2,0,1,1,1,1,0,1,1,2,0,0,0,0,1,1,0,0,1,0,0,1,1,0,0,0,0,1,9,0,0,1,1,1,0,2,1,1,1,3,0,1,0,4,1,1,0,6,0,1,0,1,1,1,1,0,0,0,1
142,GCF_003600975.1,Dickeya,solani,0,0,0,0,0,0,3,1,1,0,0,0,2,1,2,0,0,0,0,0,0,2,0,1,3,1,0,0,0,0,1,0,1,1,0,0,5,0,0,1,0,1,1,3,1,1,0,1,1,0,1,1,1,0,1,0,5,0,0,1,2,0,0,0,2,0,0,2,1,3,0,0,1,2,1,1,1,1,1,0,0,1,1,1,0,0,0,1,1,0,0,0,0,0,1,2,0,0,0,0,1,14,0,0,1,1,1,0,2,8,1,1,3,0,1,0,0,1,1,0,4,0,2,0,1,1,1,1,0,0,0,0
143,GCF_001187975.2,Dickeya,fangzhongdai,0,1,0,0,0,0,3,1,1,0,0,0,2,1,2,0,0,0,0,0,0,2,0,1,1,0,0,0,0,0,1,0,1,1,0,1,6,1,0,1,0,1,1,3,1,1,1,2,1,0,1,1,1,0,1,0,5,0,0,1,2,0,0,0,2,0,0,2,1,2,1,0,2,3,1,1,1,2,1,0,0,1,1,1,0,0,0,1,1,0,0,0,0,0,1,2,0,0,0,0,1,11,0,0,1,1,1,0,2,9,1,1,3,0,1,0,0,1,0,0,4,0,1,0,1,1,1,1,0,0,0,0
144,GCF_018361225.1,Dickeya,dianthicola,0,0,0,0,0,0,3,2,1,0,1,0,2,1,2,0,0,0,0,0,0,3,0,0,2,0,0,0,0,0,1,0,1,1,0,0,5,0,0,1,0,1,2,2,0,0,1,1,1,0,1,1,1,0,1,0,5,0,0,1,2,0,0,0,2,0,0,2,1,6,1,0,1,3,0,1,2,1,1,0,0,1,1,2,0,0,0,1,1,0,0,0,1,1,1,2,0,0,0,0,1,10,0,0,1,1,1,0,2,5,1,1,3,0,1,0,0,1,1,1,4,0,2,0,1,1,1,1,0,0,0,1
145,GCF_014642955.1,Dickeya,fangzhongdai,0,0,0,0,0,0,3,1,1,0,0,0,2,1,2,0,0,0,0,0,0,4,0,0,1,0,0,0,0,0,1,0,1,1,0,1,6,1,0,1,0,1,1,3,1,2,0,2,1,0,1,1,1,0,1,0,5,0,0,1,2,0,0,0,2,0,0,2,0,2,1,1,2,3,1,1,1,2,1,0,0,1,1,1,0,0,0,1,1,0,0,0,0,0,1,1,0,0,0,0,1,11,0,0,1,1,1,0,2,9,1,1,3,0,1,0,0,1,0,0,4,0,1,0,1,1,1,1,0,0,0,0
146,GCF_001506125.1,Dickeya,solani,0,0,0,0,0,0,3,1,1,0,0,0,2,1,2,0,0,0,0,0,0,2,0,1,3,1,0,0,0,0,1,0,1,1,0,0,5,0,0,1,0,1,1,3,1,1,0,1,1,0,1,1,1,0,1,0,5,0,0,1,2,0,0,0,2,0,0,2,1,4,0,0,1,2,1,1,1,1,1,0,0,1,1,1,0,0,0,1,1,0,0,0,0,0,1,2,0,0,0,0,1,14,0,0,1,1,1,0,2,8,1,1,3,0,1,0,0,1,1,0,4,0,2,0,1,1,1,1,0,0,0,0
147,GCF_004296675.1,Pectobacterium,versatile A,0,0,0,1,0,0,3,1,0,1,0,0,0,1,1,1,0,0,0,0,0,3,0,0,3,0,0,0,0,1,2,0,0,1,0,0,5,0,1,1,0,1,1,2,1,0,0,2,1,1,1,0,1,2,1,0,9,0,0,0,2,2,0,0,3,0,0,0,1,2,3,0,1,2,0,1,1,1,1,0,1,1,3,0,0,0,0,1,1,0,1,0,0,1,1,0,0,0,0,0,1,10,0,0,1,1,1,1,2,4,0,1,3,0,1,0,1,1,1,1,3,0,1,0,1,1,1,1,0,0,0,0
148,GCF_014946835.1,Pectobacterium,aquaticum,0,0,0,1,0,0,3,1,0,1,0,0,0,1,1,0,0,0,0,0,0,3,0,0,2,0,0,0,0,1,2,0,0,1,0,0,4,0,1,1,0,1,0,2,0,0,0,2,1,1,1,0,0,1,1,0,9,0,0,1,2,0,0,0,2,0,0,0,1,3,2,0,1,2,0,1,1,1,1,1,1,1,2,0,0,0,0,1,1,0,0,0,0,1,1,0,0,0,0,0,1,3,0,0,1,1,1,0,2,3,0,1,3,0,1,0,2,0,0,1,4,0,0,0,1,1,1,0,0,0,1,0
149,GCF_003628615.1,Pectobacterium,parmentieri,0,1,1,1,0,0,3,1,1,0,0,1,0,1,1,1,0,1,0,0,0,3,0,0,3,0,0,1,0,1,2,0,0,1,0,0,4,0,1,1,0,1,1,2,0,0,0,2,1,0,1,1,0,2,2,0,7,0,0,1,2,1,0,0,3,0,0,0,1,4,2,0,0,3,0,1,1,1,1,0,0,2,3,0,0,1,0,1,1,0,1,0,0,0,2,1,0,0,1,0,1,11,0,1,1,1,1,0,2,4,0,1,3,1,1,0,1,0,1,0,4,0,1,0,1,1,1,0,0,0,0,0
150,GCF_000808255.1,Pectobacterium,brasiliense,0,0,1,1,0,0,3,1,1,1,0,0,1,1,2,0,0,0,0,0,0,4,0,0,3,0,0,0,0,1,2,0,0,1,0,0,5,0,1,1,0,1,1,2,1,0,0,2,1,0,1,1,1,1,1,0,12,0,0,0,2,0,0,0,3,0,0,0,1,3,1,0,1,2,0,1,1,1,1,0,1,1,2,0,0,0,0,1,1,0,1,0,0,0,1,0,0,0,0,0,1,10,0,1,1,1,1,0,2,2,0,1,3,0,1,0,1,1,1,0,4,0,1,0,1,1,0,1,0,0,0,0
151,GCF_009372235.1,Dickeya,oryzae,0,0,0,0,0,0,3,0,1,0,0,0,1,1,1,0,0,0,0,0,0,4,0,0,0,1,1,0,0,0,1,0,1,1,0,0,5,0,0,1,0,1,1,3,0,0,1,1,1,0,1,1,1,0,1,0,5,0,0,1,3,0,0,0,2,0,0,1,2,3,0,0,2,2,0,1,1,2,1,0,0,1,0,1,0,0,0,1,1,0,0,0,0,0,1,1,0,0,0,0,1,11,0,0,1,1,1,0,2,6,1,1,3,0,1,0,0,1,1,0,4,0,2,0,1,1,0,0,0,0,0,0
152,GCF_016944295.1,Pectobacterium,brasiliense,0,1,1,1,0,0,3,1,0,1,0,0,1,1,2,1,0,0,0,0,0,5,0,0,3,0,0,0,0,1,2,0,1,1,0,0,5,0,1,1,0,1,1,2,1,0,0,2,1,1,1,1,1,1,1,2,10,0,0,1,2,0,0,0,3,0,0,0,1,3,1,0,1,2,0,1,1,1,1,0,1,1,3,0,0,0,0,1,1,0,0,0,0,0,1,0,0,0,0,0,1,10,0,0,1,1,1,0,2,4,1,1,3,0,1,0,0,1,1,0,4,0,1,0,1,1,0,1,0,0,0,0
153,GCF_017255075.1,Pectobacterium,brasiliense,0,0,1,1,0,0,3,1,1,2,0,0,0,1,2,1,0,0,0,0,0,3,0,0,3,0,0,0,0,1,2,0,1,1,0,0,5,0,1,1,0,1,0,2,1,0,0,2,1,0,1,0,1,2,1,2,10,0,0,0,2,0,0,0,3,0,0,0,1,3,1,0,1,2,0,1,1,1,1,0,1,1,3,0,0,0,0,1,1,0,0,0,0,0,1,0,0,0,0,0,1,10,0,0,1,1,1,0,2,4,1,1,3,0,1,0,0,1,1,0,3,0,1,0,1,1,1,1,0,0,1,0
154,GCF_003990515.2,Pectobacterium,brasiliense,0,1,1,1,0,0,3,1,0,1,0,0,1,1,2,1,0,0,0,0,0,5,0,0,3,0,0,0,0,1,2,0,1,1,0,0,5,0,1,1,0,1,1,2,1,0,0,2,1,1,1,1,1,1,1,2,10,0,0,1,2,0,0,0,3,0,0,0,1,3,1,0,1,2,0,1,1,1,1,0,1,1,3,0,0,0,0,1,1,0,0,0,0,0,1,0,0,0,0,0,1,10,0,0,1,1,1,0,2,4,1,1,3,0,1,0,0,1,1,0,4,0,1,0,1,1,0,1,0,0,0,0
155,GCF_002920045.2,Pectobacterium,parmentieri,0,1,1,1,0,0,3,1,1,0,0,1,0,1,1,1,0,1,0,0,0,3,0,0,3,0,0,1,0,1,2,0,0,1,0,0,4,0,1,1,0,1,1,2,0,0,0,2,1,0,1,1,0,2,2,0,7,0,0,0,2,1,0,0,3,0,0,0,1,2,0,0,0,3,0,1,1,1,1,0,0,2,3,0,0,1,0,1,1,0,1,0,0,0,1,1,0,0,0,0,1,12,0,0,1,1,1,0,2,7,0,1,3,0,1,0,2,0,1,0,3,0,1,0,1,1,1,0,0,0,0,0
156,GCF_013450045.1,Pectobacterium,carotovorum,0,1,0,1,0,0,3,1,0,1,0,0,0,1,1,1,1,0,0,0,0,3,1,0,3,0,0,0,0,1,2,0,0,1,0,0,5,0,1,1,0,1,0,2,1,0,0,2,0,1,1,0,0,2,1,0,9,0,0,0,2,0,0,0,3,0,0,0,1,3,1,0,1,2,0,0,2,1,0,0,3,1,1,0,0,0,0,1,1,0,1,0,0,1,1,1,0,0,0,0,1,8,0,0,1,1,1,1,2,3,1,1,2,0,1,0,1,1,1,1,3,0,1,0,1,1,1,1,0,0,1,0
157,GCF_016949515.1,Pectobacterium,brasiliense,0,0,1,1,0,0,3,1,1,2,0,0,1,1,2,0,0,0,0,0,0,3,0,0,3,0,0,0,0,1,1,0,1,1,0,0,5,0,1,1,0,1,0,2,1,0,0,2,1,0,1,0,1,1,1,0,9,0,0,0,2,0,0,0,3,0,0,1,1,3,1,0,1,2,0,1,1,1,1,0,1,1,3,0,0,0,0,1,1,0,0,0,0,0,1,0,0,1,0,0,1,11,0,1,1,1,1,1,2,3,0,1,3,0,1,0,2,1,1,0,3,0,1,0,1,1,0,1,0,0,1,0
158,GCF_000831935.2,Dickeya,solani,0,0,0,0,0,0,3,1,1,0,0,0,2,1,2,0,0,0,0,0,0,2,0,1,3,1,0,0,0,0,1,0,1,1,0,0,5,0,0,1,0,1,1,3,1,1,0,1,1,0,1,1,1,0,1,0,5,0,0,1,2,0,0,0,2,0,0,2,1,3,0,0,1,2,1,1,1,1,1,0,0,1,1,1,0,0,0,1,1,0,0,0,0,0,1,2,0,0,0,0,1,14,0,0,1,1,1,0,2,8,1,1,3,0,1,0,0,1,1,0,4,0,2,0,1,1,1,1,0,0,0,0
159,GCF_016949875.1,Pectobacterium,brasiliense,0,1,1,1,0,0,3,1,0,2,0,0,1,1,2,1,0,0,0,0,0,5,0,0,3,0,0,0,0,1,2,0,1,1,0,0,5,0,1,1,0,1,0,2,1,0,0,2,1,1,1,0,1,1,1,2,10,0,0,1,2,0,0,0,3,0,0,0,1,3,1,0,1,2,0,1,1,1,1,0,1,1,3,0,0,0,0,1,1,0,0,0,0,0,1,0,0,0,0,0,1,10,0,0,1,1,1,0,2,4,1,1,3,0,1,0,0,1,1,0,4,0,1,0,1,1,0,1,0,0,1,0
160,GCF_003628775.1,Dickeya,fangzhongdai,0,1,0,0,1,0,3,1,1,0,0,0,2,1,2,0,0,0,0,0,0,2,0,1,1,0,0,0,0,0,1,0,1,1,0,1,6,1,0,1,0,1,1,3,1,1,1,2,1,0,1,1,1,0,1,0,5,0,0,1,2,0,0,0,2,0,0,2,1,3,1,0,2,3,1,1,1,2,1,0,0,1,1,1,0,0,0,1,1,0,0,0,0,0,1,2,0,0,0,0,1,11,0,0,1,1,1,0,2,9,1,1,3,0,1,0,0,1,0,0,4,0,1,0,1,1,1,0,0,0,0,0
161,GCF_002764035.1,Pectobacterium,brasiliense,0,0,0,1,0,0,3,1,0,1,0,1,0,1,2,1,0,1,0,0,0,3,0,0,3,0,0,0,0,1,2,0,1,1,0,0,5,0,1,1,0,1,1,2,1,0,0,2,1,1,1,1,1,2,1,2,11,0,0,0,2,0,0,0,3,0,0,0,1,4,1,0,1,2,0,1,1,1,1,0,1,1,2,0,0,0,0,1,1,0,0,0,0,1,1,0,0,0,0,0,1,8,0,0,1,1,1,0,2,4,1,1,3,0,1,0,0,1,1,1,4,0,1,0,1,1,1,1,0,0,0,0
162,GCF_000808115.1,Pectobacterium,brasiliense,0,0,1,1,0,0,3,1,1,1,0,0,0,1,2,1,0,0,0,0,0,3,0,0,3,0,1,0,0,1,2,0,1,1,0,0,5,0,1,1,0,1,1,2,1,0,0,2,1,0,1,1,1,2,1,0,10,0,0,0,2,0,0,0,3,0,0,0,1,3,2,0,1,2,0,1,1,1,1,0,1,1,2,0,0,0,0,1,1,0,0,0,0,0,1,0,0,0,0,0,1,9,0,0,1,1,1,0,2,3,1,1,3,0,1,0,1,1,1,0,4,0,1,0,1,1,0,1,0,0,0,0
163,GCF_000808295.1,Pectobacterium,brasiliense,0,1,0,1,0,0,3,1,1,1,0,0,0,1,2,0,0,0,0,0,0,4,0,0,3,0,0,0,0,1,2,0,0,1,0,0,5,0,1,1,0,1,1,1,1,0,0,2,1,0,1,1,1,2,1,2,10,0,0,0,2,0,0,0,3,0,0,0,1,2,0,0,1,2,0,1,1,1,1,0,1,1,2,0,0,0,0,1,1,0,1,0,0,0,1,0,0,0,0,0,1,7,0,0,1,1,1,0,2,4,1,1,4,0,1,0,0,1,1,0,4,0,1,0,1,1,0,1,0,0,0,1
164,GCF_016988595.1,Pectobacterium,brasiliense,0,1,1,1,0,0,3,1,1,2,0,0,1,1,2,0,0,0,0,0,0,5,0,0,3,0,0,0,0,1,2,0,1,1,0,0,5,0,1,1,0,1,0,2,1,0,0,2,1,0,1,0,1,1,1,0,10,0,0,1,2,0,0,0,3,0,0,0,1,2,2,0,1,2,0,1,1,1,1,0,1,1,2,0,0,0,0,1,1,0,0,0,0,0,1,0,0,0,0,0,1,10,0,1,1,1,1,0,2,2,0,1,3,0,1,0,1,1,1,0,4,0,1,0,1,1,0,1,0,0,1,0
165,GCF_000808315.1,Pectobacterium,brasiliense,0,1,1,1,0,0,3,1,1,2,0,0,1,1,2,0,0,0,0,0,0,3,0,0,3,0,0,0,0,1,2,0,0,1,0,0,5,0,1,1,0,1,1,1,1,0,0,2,1,0,1,0,1,1,1,2,10,0,0,0,2,0,0,0,3,0,0,0,1,2,0,0,1,2,0,1,1,1,1,0,1,1,2,0,0,0,0,1,1,0,1,0,0,0,1,0,0,0,0,0,1,7,0,0,1,1,1,0,2,4,1,1,4,0,1,0,0,1,1,0,4,0,1,0,1,1,0,1,0,0,0,1
166,GCF_000406065.1,Dickeya,chrysanthemi,0,0,0,0,0,0,3,1,1,0,0,0,2,1,2,0,0,0,0,0,0,2,0,0,1,1,0,0,0,0,1,0,1,1,0,0,6,0,0,1,0,1,2,3,0,0,1,2,1,0,1,1,1,0,1,0,5,0,0,3,2,0,0,0,2,0,0,1,1,3,1,0,3,2,0,1,1,1,1,0,0,1,1,1,0,0,0,1,1,0,0,0,0,0,1,2,0,0,0,0,1,9,0,0,1,1,1,0,2,7,1,1,3,0,1,0,0,1,1,0,4,0,0,0,1,1,0,1,0,0,0,0
167,GCF_002904025.1,Pectobacterium,carotovorum,0,1,0,1,0,0,3,1,0,1,0,0,0,1,1,1,1,0,0,0,0,4,0,0,3,0,0,0,0,1,2,0,0,1,0,0,5,0,1,1,0,1,1,2,1,0,0,2,1,1,1,0,0,2,1,1,9,0,0,0,2,0,0,0,3,0,0,0,1,4,3,0,1,2,0,0,2,1,0,0,3,1,1,0,0,0,0,1,1,0,1,0,0,1,1,1,0,0,0,0,1,8,0,0,1,1,1,0,2,4,1,1,3,0,1,1,1,1,1,1,3,0,1,1,1,1,1,1,0,0,0,0
168,GCF_016404945.1,Dickeya,solani,0,0,0,0,0,0,3,1,1,0,0,0,2,1,2,0,0,0,0,0,0,2,0,1,2,1,0,0,0,0,1,0,1,1,0,0,5,0,0,1,0,1,1,3,1,1,0,1,1,0,1,1,1,0,1,0,5,0,0,1,2,0,0,0,2,0,0,2,1,3,0,0,2,2,1,1,1,1,1,0,0,1,1,1,0,0,0,1,1,0,0,0,0,0,1,2,0,0,0,0,1,14,0,0,1,1,1,0,2,8,1,1,3,0,1,0,0,1,1,0,4,0,2,0,1,1,1,1,0,0,0,0
169,GCF_000406225.1,Dickeya,oryzae,0,0,0,0,0,0,3,0,1,0,0,0,1,1,1,0,0,0,0,0,0,4,0,0,0,1,1,0,0,0,1,0,1,1,0,0,5,0,0,1,0,1,1,2,0,0,0,1,1,0,1,1,1,0,1,0,3,0,1,1,3,0,0,0,2,0,0,1,2,2,1,0,2,2,0,1,1,2,1,0,0,1,0,1,0,0,0,2,1,0,0,0,0,1,1,2,0,0,0,0,1,12,0,0,1,1,1,0,2,10,1,1,3,0,1,0,0,1,1,1,4,0,1,0,1,1,0,1,0,0,0,1
170,GCF_000400525.1,Dickeya,zeae,0,0,0,0,0,0,3,1,1,0,0,0,1,1,2,0,0,0,0,0,0,3,0,0,1,1,1,0,0,0,0,0,1,1,0,0,5,0,0,1,0,1,2,3,0,1,1,1,1,0,1,1,1,0,1,0,3,0,0,2,3,0,0,0,2,0,0,1,1,2,1,0,2,2,0,1,1,2,1,0,0,0,0,1,0,0,0,1,1,0,0,0,0,0,1,2,0,0,0,0,1,11,0,0,1,1,1,0,2,10,1,1,3,0,1,0,0,1,1,0,4,0,2,0,1,1,0,1,0,0,0,0
171,GCF_002250215.1,Pectobacterium,brasiliense,0,1,0,1,0,0,3,1,0,1,0,0,1,1,1,1,0,0,0,0,0,3,0,0,3,0,0,0,0,1,2,0,1,1,0,0,5,0,1,1,0,1,1,2,1,0,0,2,1,1,1,0,1,1,1,0,10,0,0,1,2,0,0,0,4,0,0,1,1,3,2,0,1,2,0,1,2,1,1,0,2,1,2,0,0,0,0,1,1,0,0,0,0,0,1,0,0,0,0,0,1,9,0,0,1,1,1,0,2,2,1,1,3,0,1,0,1,0,1,0,3,0,1,0,1,1,1,1,0,0,0,0
172,GCF_000400505.1,Musicola,paradisiaca,0,0,0,0,0,0,3,0,1,1,0,0,1,1,1,0,0,0,0,0,0,2,0,0,1,1,1,0,0,0,0,0,1,1,0,0,4,0,0,0,0,0,0,2,0,0,0,2,1,0,1,0,1,0,1,0,5,0,0,1,2,0,0,0,2,0,0,1,1,2,1,0,1,2,0,1,1,2,1,1,0,0,0,1,0,0,0,1,1,0,0,0,0,0,1,1,0,0,0,0,1,8,0,0,1,1,1,0,2,7,0,1,3,0,1,0,0,1,1,0,4,0,2,0,1,1,0,0,0,1,0,1
173,GCF_014893095.1,Dickeya,dianthicola,0,1,0,0,0,0,3,2,0,0,1,0,2,1,2,0,0,0,0,0,0,2,0,0,1,0,0,0,0,0,1,0,1,1,0,0,5,0,0,1,0,1,2,3,0,0,1,2,1,1,1,1,1,0,1,0,5,0,0,2,2,0,0,0,2,0,0,1,1,3,1,0,2,4,0,1,1,1,1,0,0,1,1,2,0,0,0,1,1,1,0,0,0,0,1,2,0,0,0,0,1,12,0,0,1,1,1,0,2,5,1,1,3,0,1,0,0,1,1,0,4,0,2,0,1,1,1,1,0,0,0,0
174,GCF_003312345.1,Pectobacterium,peruviense,0,1,1,1,0,0,3,1,1,1,0,1,0,1,1,0,0,1,0,0,0,3,0,0,3,1,0,0,0,1,2,0,0,1,0,0,5,0,1,1,0,1,1,2,1,0,0,2,1,0,1,0,0,2,1,0,10,0,0,0,2,0,0,1,3,0,0,0,1,2,1,0,1,2,0,1,1,1,1,0,1,1,4,0,0,0,0,1,1,0,1,0,0,0,2,1,0,0,0,0,1,13,0,0,1,1,1,1,2,4,0,1,3,0,1,0,2,1,1,0,3,0,1,0,1,1,1,1,0,0,0,0
175,GCF_000406085.2,Dickeya,aquatica,0,0,0,0,0,0,3,1,0,1,0,0,1,1,1,0,0,0,0,0,0,2,0,0,0,1,0,1,0,0,1,0,1,1,0,0,5,1,0,1,0,1,1,2,0,0,1,1,1,1,1,0,1,0,2,0,4,0,0,3,2,0,0,0,1,0,0,1,1,2,0,0,2,2,0,1,1,1,1,0,0,1,1,1,0,0,0,1,1,0,0,0,0,1,1,1,0,0,0,0,1,7,0,0,1,1,1,0,2,3,1,1,3,0,1,0,0,0,1,1,5,0,0,0,1,1,1,1,0,0,1,1
176,GCF_000758345.1,Dickeya,fangzhongdai,0,0,0,0,1,0,3,1,1,0,0,0,2,1,2,0,0,0,0,0,0,2,0,1,1,0,1,0,0,0,1,0,1,1,0,0,5,1,0,1,0,1,1,3,1,0,1,2,1,0,1,1,1,0,1,0,5,0,0,1,2,0,1,0,2,0,0,3,1,3,1,0,2,3,0,1,1,2,1,0,0,1,1,1,0,0,0,1,1,0,0,0,0,0,1,2,0,0,0,0,1,13,0,0,1,1,1,0,2,9,1,1,3,0,1,0,0,1,1,0,4,0,3,0,1,1,1,1,0,0,0,0
177,GCF_016864975.1,Pectobacterium,brasiliense,0,0,1,1,0,0,3,1,0,1,0,0,0,1,2,1,0,0,0,0,0,3,0,0,3,0,1,0,0,1,2,0,0,1,0,0,5,0,1,1,0,1,1,2,1,0,0,2,1,1,1,1,1,2,1,2,10,0,0,0,2,0,0,0,3,0,0,0,1,2,1,0,1,2,0,1,1,1,1,0,1,1,2,0,0,0,0,1,1,0,1,0,0,0,1,0,0,0,0,0,1,8,0,0,1,1,1,0,2,4,1,1,3,0,1,0,0,1,1,0,4,0,1,0,1,1,1,1,0,0,0,0
178,GCF_002921195.1,Dickeya,solani,0,0,0,0,0,0,3,1,1,0,0,0,2,1,2,0,0,0,0,0,0,2,0,1,2,1,0,0,0,0,1,0,1,1,0,0,5,0,0,1,0,1,1,3,1,1,0,1,1,0,1,1,1,0,1,0,5,0,0,1,2,0,0,0,2,0,0,2,1,3,0,0,1,2,1,1,1,1,1,0,0,1,1,1,0,0,0,1,1,0,0,0,0,0,1,2,0,0,0,0,1,14,0,0,1,1,1,0,2,8,1,1,3,0,1,0,0,1,1,0,4,0,2,0,1,1,1,1,0,0,0,0
179,GCF_016949075.1,Pectobacterium,carotovorum,0,0,0,1,0,0,3,1,0,1,0,0,0,1,1,0,0,0,0,0,0,4,0,0,3,0,0,0,0,1,2,0,0,1,0,0,5,0,1,1,0,1,0,2,1,0,0,2,1,1,1,0,1,2,1,0,10,0,1,0,2,1,0,0,3,0,0,0,1,2,1,0,1,2,0,1,1,1,1,0,1,1,3,0,0,0,0,1,1,0,1,0,0,1,1,1,0,0,0,0,1,9,0,0,1,1,1,0,2,2,0,1,3,0,1,0,0,1,1,1,3,0,1,0,1,1,1,1,0,0,1,0
180,GCF_003402555.1,Pectobacterium,versatile A,0,1,0,1,0,0,3,1,0,1,0,0,0,1,1,1,0,0,0,0,0,4,0,0,3,0,0,0,0,1,2,0,0,1,0,0,5,0,1,1,0,1,1,2,1,0,0,2,1,1,1,0,1,2,1,0,10,0,0,0,2,2,0,0,3,0,0,0,1,4,0,0,1,2,0,1,1,1,1,0,1,1,2,0,0,0,0,1,1,0,1,0,0,1,1,0,0,0,0,0,1,7,0,0,1,1,1,1,2,2,1,1,3,0,1,0,1,0,1,1,3,0,1,0,1,1,1,1,0,0,0,0
181,GCF_000023545.1,Musicola,paradisiaca,0,0,0,0,0,0,3,0,1,1,0,0,1,1,1,0,0,0,0,0,0,2,0,0,1,1,1,0,0,0,0,0,1,1,0,0,4,0,0,0,0,0,0,2,0,0,0,2,1,0,1,0,1,0,1,0,7,0,0,1,2,0,0,0,2,0,0,1,1,2,1,0,1,2,0,1,1,2,1,1,0,0,0,1,0,0,0,1,1,0,0,0,0,0,1,1,0,0,0,0,1,8,0,0,1,1,1,0,2,7,0,1,3,0,1,0,0,1,1,0,4,0,2,0,1,1,0,0,0,1,0,1
182,GCF_016949955.1,Pectobacterium,versatile A,0,1,0,1,0,0,3,1,0,1,0,0,0,1,1,1,0,0,0,0,0,4,0,0,3,0,0,0,0,1,2,0,0,1,0,0,5,0,1,1,0,1,0,2,1,0,0,2,1,1,1,0,1,2,1,2,10,0,0,0,2,0,0,0,3,0,0,0,1,3,2,0,1,2,0,1,1,1,1,0,1,1,2,0,0,0,0,1,1,0,1,0,0,1,1,0,0,0,0,0,1,9,0,0,1,1,1,0,2,3,1,1,3,0,1,0,0,1,1,1,3,0,1,0,1,1,1,1,0,0,1,0
183,GCF_018361105.1,Dickeya,dianthicola,0,0,0,0,0,0,3,2,1,0,1,0,2,1,2,0,0,0,0,0,0,3,0,0,2,0,0,0,0,0,1,0,1,1,0,0,5,0,0,1,0,1,2,2,0,0,1,1,1,0,1,1,1,0,1,0,5,0,0,1,2,0,0,0,2,0,0,2,1,6,1,0,1,3,0,1,2,1,1,0,0,1,1,2,0,0,0,1,1,0,0,0,1,1,1,2,0,0,0,0,1,10,0,0,1,1,1,0,2,5,1,1,3,0,1,0,0,1,1,1,4,0,2,0,1,1,1,1,0,0,0,1
184,GCF_000023605.1,Pectobacterium,aroidearum,0,1,1,1,0,0,3,1,1,1,0,1,0,1,1,1,0,1,0,0,0,3,0,0,4,1,0,0,0,1,2,0,1,1,0,0,5,0,1,1,1,1,1,1,1,0,0,2,1,0,1,0,1,2,1,2,10,0,0,0,2,0,0,0,3,0,0,0,1,2,3,0,1,2,0,1,1,1,1,0,1,1,2,0,0,0,0,1,1,0,0,1,0,0,1,1,0,0,0,0,1,8,0,0,1,1,1,0,2,2,1,1,3,0,1,0,3,1,1,0,4,0,1,0,1,1,1,1,0,0,0,1
185,GCF_001187965.2,Dickeya,fangzhongdai,0,1,0,0,1,0,3,1,1,0,0,0,2,1,2,0,0,0,0,0,0,2,0,1,1,0,0,0,0,0,1,0,1,1,0,1,6,1,0,1,0,1,1,3,1,1,0,2,1,0,1,1,1,0,1,0,5,0,0,1,2,0,1,0,2,0,0,2,1,3,0,0,2,3,1,1,1,2,1,0,0,1,1,1,0,0,0,1,1,0,0,0,0,0,1,2,0,0,0,0,1,12,0,0,1,1,1,0,2,9,1,1,3,0,1,0,0,1,0,0,4,0,1,0,1,1,1,1,0,0,0,0
186,GCF_000808145.1,Pectobacterium,brasiliense,0,1,1,1,0,0,3,1,1,1,0,0,0,1,2,0,0,0,0,0,0,4,0,0,3,0,0,0,0,1,2,0,0,1,0,0,5,0,1,1,0,1,1,1,1,0,0,2,1,0,1,1,1,2,1,2,10,0,0,0,2,0,0,0,3,0,0,0,1,2,0,0,1,2,0,1,1,1,1,0,1,1,2,0,0,0,0,1,1,0,1,0,0,0,1,0,0,0,0,0,1,7,0,0,1,1,1,0,2,4,1,1,4,0,1,0,0,1,1,0,4,0,1,0,1,1,0,1,0,0,0,1
187,GCF_000808375.1,Pectobacterium,brasiliense,0,0,1,1,0,0,3,1,1,1,0,0,0,1,2,0,0,0,0,0,0,4,0,0,3,0,1,0,0,1,2,0,1,1,0,0,5,0,1,1,0,1,1,2,1,0,0,2,1,0,1,1,1,2,1,0,11,0,0,0,2,0,0,0,3,0,0,0,1,3,2,0,1,2,0,1,1,1,1,0,1,1,2,0,0,0,0,1,1,0,0,0,0,0,1,0,0,0,0,0,1,8,0,0,1,1,1,0,2,2,0,1,3,0,1,0,1,1,1,0,4,0,1,0,1,1,0,1,0,0,0,0
188,GCF_013334185.1,Dickeya,solani,0,0,0,0,0,0,3,1,1,0,0,0,2,1,2,0,0,0,0,0,0,2,0,1,2,1,0,0,0,0,0,0,1,1,0,0,5,0,0,1,0,1,1,3,1,1,0,1,1,0,1,1,1,0,1,0,5,0,0,1,2,0,0,0,2,0,0,2,1,3,0,0,1,2,1,1,1,1,1,0,0,1,1,1,0,0,0,1,1,0,0,0,0,0,1,2,0,0,0,0,1,13,0,0,1,1,1,0,2,8,1,1,3,0,1,0,0,1,1,0,4,0,2,0,1,1,1,1,0,0,0,0
189,GCF_016949085.1,Pectobacterium,aquaticum,0,0,0,1,0,0,3,1,0,1,0,0,1,1,1,0,0,0,0,0,0,3,0,0,2,0,0,0,0,1,2,0,0,1,0,0,4,0,1,1,0,1,0,2,0,0,0,2,1,1,1,0,0,0,1,0,9,0,0,0,2,0,0,0,2,0,0,0,1,3,1,0,1,2,0,1,1,1,1,1,1,1,2,0,0,0,0,1,1,0,0,0,0,1,1,0,0,0,0,0,1,4,0,0,1,1,1,0,2,2,0,1,3,0,1,0,1,0,0,1,3,0,0,0,1,1,1,0,0,0,1,0
190,GCF_016949195.1,Pectobacterium,brasiliense,0,1,0,1,0,0,3,1,1,2,0,0,1,1,2,0,0,0,0,0,0,3,0,0,3,0,0,0,0,1,2,0,1,1,0,0,5,0,1,1,0,1,0,1,1,0,0,2,1,0,1,0,1,1,1,0,11,0,0,0,2,0,0,0,3,0,0,0,1,3,1,0,1,2,0,1,1,1,1,0,1,1,2,0,0,0,0,1,1,0,0,0,0,0,1,0,0,0,0,0,1,10,0,1,1,1,1,0,2,2,0,1,3,0,1,0,1,1,1,0,4,0,1,0,1,1,0,1,0,0,1,1
191,GCF_014946865.1,Pectobacterium,aquaticum,0,0,0,1,0,0,3,1,0,1,0,0,0,1,1,0,0,0,0,0,0,3,0,0,2,0,0,0,0,1,2,0,0,1,0,0,4,0,1,1,0,1,0,2,0,0,0,2,1,1,1,0,0,1,1,0,9,0,0,0,2,0,0,0,2,0,0,0,1,3,1,0,1,2,0,1,1,1,1,1,1,1,2,0,0,0,0,1,1,0,0,0,0,1,1,0,0,0,0,0,1,5,0,0,1,1,1,0,2,1,0,1,3,0,1,0,1,0,0,1,3,0,0,0,1,1,1,0,0,0,1,0
192,GCF_000738125.1,Pectobacterium,brasiliense,1,0,1,1,0,0,3,1,1,1,0,0,0,1,1,0,0,0,0,1,0,3,0,0,3,1,0,0,0,1,2,0,1,1,0,0,5,0,1,1,0,1,1,1,1,0,0,2,1,0,1,0,0,2,1,0,10,0,0,0,2,0,0,0,3,0,1,0,1,2,2,0,1,2,0,1,1,1,1,0,1,1,2,0,0,1,0,1,1,0,0,0,0,0,1,0,0,0,0,0,1,5,0,1,1,1,1,0,2,1,1,1,3,0,1,0,1,0,1,0,5,0,1,0,1,1,0,1,0,0,0,1
193,GCF_014946775.1,Pectobacterium,quasiaquaticum,0,0,0,1,0,0,3,1,0,1,0,0,0,1,1,0,0,0,0,0,0,4,0,0,2,0,0,0,0,1,2,0,0,1,0,0,4,0,1,1,0,1,0,2,0,0,0,2,1,1,1,0,0,1,1,0,9,0,0,1,2,0,0,0,2,0,0,0,1,2,2,0,1,2,0,1,1,1,1,1,1,1,2,0,0,0,0,1,1,0,0,0,0,1,1,0,0,0,0,0,1,3,0,0,1,1,1,0,2,2,1,1,3,0,1,0,1,0,0,1,4,0,0,0,1,1,1,0,0,0,1,0
194,GCF_003628715.1,Pectobacterium,parmentieri,0,1,1,1,0,0,3,1,1,0,0,1,0,1,1,1,0,1,0,0,0,3,0,0,3,0,0,1,0,1,2,0,0,1,0,0,4,0,1,1,0,1,1,2,0,0,0,2,1,0,1,1,0,2,2,0,8,0,0,0,2,1,0,0,3,0,0,0,1,4,1,0,0,3,0,1,1,1,1,0,0,2,3,0,0,1,0,1,1,0,1,0,0,0,2,1,0,0,1,0,1,11,0,0,1,1,1,0,2,5,0,1,3,1,1,0,2,0,1,0,3,0,1,0,1,1,1,0,0,0,0,0
195,GCF_000632375.1,Pectobacterium,parmentieri,0,1,1,1,0,0,3,1,1,0,0,1,0,1,1,1,0,1,0,0,0,4,0,0,3,0,0,1,0,1,2,0,0,1,0,0,4,0,1,1,0,1,1,2,0,0,0,2,1,0,1,1,0,2,2,0,7,0,0,0,2,1,0,0,3,0,0,0,1,3,0,0,0,3,0,1,1,1,1,0,0,2,3,0,0,1,0,1,1,0,1,0,0,0,1,1,0,1,0,0,1,11,0,0,1,1,1,0,2,7,0,1,4,0,1,0,2,0,1,0,3,0,1,0,1,1,1,0,0,0,0,0
196,GCF_002921285.1,Pectobacterium,versatile A,0,0,0,1,0,0,3,1,0,1,0,0,0,1,1,1,0,0,0,0,0,3,0,0,3,0,0,0,1,1,2,0,0,1,0,0,5,0,1,1,0,1,1,2,1,0,0,2,1,1,1,0,1,2,1,2,10,0,0,0,2,1,0,0,3,0,0,0,1,2,1,0,1,2,0,1,1,1,1,0,1,1,1,0,0,0,0,1,1,0,1,0,0,1,1,0,0,0,0,0,1,7,0,0,1,1,1,0,2,4,1,1,3,0,1,0,0,1,1,1,4,0,1,0,1,1,1,1,0,0,0,0
197,GCF_018361145.1,Dickeya,dianthicola,0,0,0,0,0,0,3,2,1,0,1,0,2,1,2,0,0,0,0,0,0,3,0,0,2,0,0,0,0,0,1,0,1,1,0,0,5,0,0,1,0,1,2,2,0,0,1,1,1,0,1,1,1,0,1,0,5,0,0,1,2,0,0,0,2,0,0,2,1,6,1,0,1,3,0,1,2,1,1,0,0,1,1,2,0,0,0,1,1,0,0,0,1,1,1,2,0,0,0,0,1,10,0,0,1,1,1,0,2,5,1,1,3,0,1,0,0,1,1,1,4,0,2,0,1,1,1,1,0,0,0,1
198,GCF_013488025.1,Pectobacterium,carotovorum,0,0,0,1,0,0,3,1,0,1,0,0,1,1,1,1,0,0,0,0,0,3,0,0,3,0,0,0,0,1,2,0,0,1,0,0,5,0,1,1,0,1,1,2,1,0,0,2,1,1,1,0,1,1,1,2,10,0,0,0,2,0,0,0,3,0,0,0,1,2,5,0,1,2,0,1,1,1,1,0,1,1,3,0,0,0,0,1,1,0,1,0,0,1,1,0,0,0,0,0,1,8,0,0,1,1,1,0,2,4,1,1,3,0,1,0,0,1,1,1,4,0,1,0,1,1,1,1,0,0,0,0
199,GCF_009931215.1,Pectobacterium,carotovorum,0,1,0,1,0,0,3,1,0,1,0,0,0,1,1,1,0,0,0,0,0,3,0,0,2,0,0,0,0,1,2,0,0,1,0,0,5,0,1,1,0,0,1,2,0,0,0,2,1,1,1,0,0,2,1,2,10,0,0,0,2,0,0,0,3,0,0,0,1,4,2,0,0,2,0,1,1,1,1,0,1,1,2,0,0,0,0,1,1,0,1,0,0,2,1,0,0,0,0,0,1,6,0,0,1,1,1,0,2,4,1,1,4,0,1,0,0,1,1,2,4,0,1,0,1,1,0,1,0,0,0,0
200,GCF_017161585.1,Dickeya,solani,0,0,0,0,0,0,3,1,0,0,0,0,2,1,2,0,0,0,0,0,0,2,0,1,3,1,0,0,0,0,1,0,1,1,0,0,5,0,0,1,0,1,1,3,1,1,0,1,1,0,1,1,1,0,1,0,5,0,0,1,2,0,0,0,2,0,0,2,1,3,0,0,1,2,1,1,1,1,1,0,0,1,1,1,0,0,0,1,1,0,0,0,0,0,1,2,0,0,0,0,1,14,0,0,1,1,1,0,2,8,1,1,3,0,1,0,0,1,1,0,4,0,2,0,1,1,1,1,0,0,0,0
201,GCF_003312355.1,Pectobacterium,peruviense,0,1,1,1,0,0,3,1,0,1,0,1,0,1,1,0,0,1,0,0,0,3,0,0,3,0,0,0,0,1,2,0,0,1,0,0,5,0,1,1,0,1,1,2,1,0,0,2,1,1,1,0,0,2,1,0,10,0,0,0,2,0,0,1,3,0,0,0,1,4,2,0,1,2,0,1,1,1,1,0,1,1,4,0,0,0,0,1,1,0,1,0,0,0,2,1,0,0,0,0,1,13,0,0,1,1,1,1,2,4,0,1,3,0,1,0,2,1,1,0,4,0,1,0,1,1,1,1,0,0,0,0
202,GCF_003628635.1,Pectobacterium,parmentieri,0,1,1,1,0,0,3,1,1,0,0,1,0,1,1,1,0,1,0,0,0,3,0,0,3,0,0,1,0,1,2,0,0,1,0,0,4,0,1,1,0,1,1,2,0,0,0,2,1,0,1,1,0,2,2,0,7,0,0,0,2,1,0,0,3,0,0,0,1,3,3,0,0,3,0,1,1,1,1,0,0,2,3,0,0,1,0,1,1,0,1,0,0,0,2,1,0,0,1,0,1,11,0,1,1,1,1,0,2,5,0,1,3,1,1,0,1,0,1,0,4,0,1,0,1,1,1,0,0,0,0,0
203,GCF_000365285.1,Dickeya,solani,0,0,0,0,0,0,3,1,1,0,0,0,2,1,2,0,0,0,0,0,0,2,0,1,3,1,0,0,0,0,1,0,1,1,0,0,5,0,0,1,0,1,1,3,1,1,0,1,1,0,1,1,1,0,1,0,5,0,0,1,2,0,0,0,2,0,0,2,1,3,0,0,1,2,1,1,1,1,1,0,0,1,1,1,0,0,0,1,1,0,0,0,0,0,1,2,0,0,0,0,1,14,0,0,1,0,1,0,2,8,1,1,3,0,1,0,0,1,1,0,4,0,2,0,1,1,1,1,0,0,0,0
204,GCF_000147055.1,Dickeya,dadantii,0,0,0,0,0,0,3,1,1,0,0,0,2,1,2,0,0,0,0,0,0,2,0,1,3,1,1,0,0,0,1,0,1,1,0,0,6,0,0,1,0,1,1,2,1,0,1,2,1,0,1,1,1,0,1,0,5,0,0,2,2,0,0,0,2,0,0,3,1,3,1,0,2,2,0,1,1,2,1,0,0,1,1,1,0,0,0,1,1,0,0,0,0,0,1,2,0,0,0,0,1,9,0,0,1,1,1,0,2,5,2,1,3,0,1,0,0,1,1,0,4,0,2,0,1,1,1,1,0,0,0,1
205,GCF_002921235.2,Pectobacterium,versatile A,0,1,0,1,0,0,3,1,0,1,0,0,0,1,1,1,0,0,0,0,0,4,0,0,3,0,0,0,0,1,2,0,0,1,0,0,5,0,1,1,0,1,0,2,1,0,0,2,1,1,1,0,0,2,1,0,9,0,0,0,2,0,0,0,3,0,0,0,1,2,0,0,1,2,0,1,1,1,1,0,1,1,2,0,0,0,0,1,1,0,1,0,0,1,1,0,0,0,0,0,1,6,0,0,1,1,1,0,2,6,1,1,3,0,1,0,1,1,1,1,3,0,1,0,1,1,1,1,0,0,0,0
206,GCF_018361165.1,Dickeya,dianthicola,0,0,0,0,0,0,3,2,1,0,1,0,2,1,2,0,0,0,0,0,0,3,0,0,2,0,0,0,0,0,1,0,1,1,0,0,5,0,0,1,0,1,2,2,0,0,1,1,1,0,1,1,1,0,1,0,5,0,0,1,2,0,0,0,2,0,0,2,1,6,1,0,1,3,0,1,2,1,1,0,0,1,1,2,0,0,0,1,1,0,0,0,1,1,1,2,0,0,0,0,1,10,0,0,1,1,1,0,2,5,1,1,3,0,1,0,0,1,1,1,4,0,2,0,1,1,1,1,0,0,0,1
207,GCF_000406125.1,Dickeya,poaceiphila,0,0,0,0,0,0,3,0,1,0,0,0,1,1,1,0,0,0,0,0,0,4,0,0,0,1,0,0,0,0,0,0,1,1,0,0,2,0,0,1,0,1,0,2,1,0,1,1,1,0,1,1,1,0,1,0,3,0,0,3,1,0,0,0,2,0,0,0,1,3,1,0,1,2,0,1,1,2,1,0,0,0,0,0,0,0,0,1,1,0,0,0,0,0,1,1,0,0,0,0,1,14,0,0,1,1,1,0,2,8,1,1,3,0,0,0,0,1,1,0,4,0,0,0,1,1,0,0,0,0,0,0
208,GCF_002846995.1,Dickeya,solani,0,0,0,0,0,0,3,1,1,0,0,0,2,1,2,0,0,0,0,0,0,2,0,1,3,1,0,0,0,0,1,0,1,1,0,0,5,0,0,1,0,1,1,3,1,1,0,1,1,0,1,1,1,0,1,0,5,0,0,1,2,0,0,0,2,0,0,2,1,4,0,0,1,2,1,1,1,1,1,0,0,1,1,1,0,0,0,1,1,0,0,0,0,0,1,2,0,0,0,0,1,14,0,0,1,1,1,0,2,8,1,1,3,0,1,0,0,1,1,0,4,0,2,0,1,1,1,1,0,0,0,0
209,GCF_001742145.1,Pectobacterium,parmentieri,0,1,1,1,0,0,3,1,1,0,0,1,0,1,1,1,0,1,0,0,0,3,0,0,3,0,0,1,0,1,2,0,0,1,0,0,4,0,1,1,0,1,1,2,0,0,0,2,1,0,1,1,0,2,2,0,8,0,0,0,2,1,0,0,3,0,0,0,1,3,1,0,0,3,0,1,1,1,1,0,0,2,3,0,0,1,0,1,1,0,1,0,0,0,2,1,0,0,0,0,1,11,0,0,1,1,1,0,2,6,0,1,3,0,1,0,2,0,1,0,3,0,1,0,1,1,1,0,0,0,0,0
210,GCF_000406045.1,Dickeya,oryzae,0,1,0,0,0,0,3,0,1,0,0,0,1,1,1,0,0,0,0,0,0,3,0,0,0,1,1,0,0,0,1,0,1,1,0,0,5,0,0,1,0,1,1,3,0,0,0,1,1,0,1,1,1,0,1,0,4,0,1,1,2,0,0,0,2,0,0,1,1,4,1,0,2,2,0,1,1,2,1,0,0,1,0,1,0,0,0,1,1,0,0,0,0,1,1,2,0,0,0,0,1,10,0,0,1,1,1,0,2,8,1,1,3,0,1,0,0,1,1,1,4,0,1,0,1,1,0,1,0,0,0,0
211,GCF_014946845.1,Pectobacterium,aquaticum,0,0,0,1,0,0,3,1,0,1,0,0,0,1,1,0,0,0,0,0,0,3,0,0,2,0,0,0,0,1,2,0,0,1,0,0,4,0,1,1,0,1,0,2,0,0,0,2,1,1,1,0,0,1,1,0,9,0,0,1,2,0,0,0,2,0,0,0,1,2,2,0,1,2,0,1,1,1,1,1,1,1,2,0,0,0,0,1,1,0,0,0,0,1,1,0,0,0,0,0,1,3,0,0,1,1,1,0,2,3,0,1,3,0,1,0,2,0,0,1,4,0,0,0,1,1,1,0,0,0,1,0
212,GCF_016126895.1,Pectobacterium,parmentieri,0,1,1,1,0,0,3,1,1,0,0,1,0,1,1,1,0,1,0,0,0,3,0,0,3,0,0,1,0,1,2,0,0,1,0,0,4,0,1,1,0,1,1,2,0,0,0,2,1,0,1,1,0,2,2,0,7,0,0,0,2,2,0,0,3,0,0,0,1,2,1,0,0,3,0,1,1,1,1,0,0,2,3,0,0,1,0,1,1,0,1,0,0,0,1,1,0,0,0,0,1,10,0,1,1,1,1,0,2,7,0,1,3,0,1,0,1,0,1,0,3,0,1,0,1,1,1,0,0,0,0,0
213,GCF_004137815.1,Pectobacterium,zantedeschiae,0,1,1,1,0,0,3,1,1,1,0,0,0,1,1,1,0,0,0,0,0,5,0,0,4,0,0,0,0,1,2,0,0,1,0,0,0,0,1,1,0,1,1,2,1,0,0,0,1,0,1,0,2,2,1,0,9,0,0,0,2,0,0,0,1,1,0,0,1,2,1,0,1,2,0,1,1,1,0,0,2,1,2,0,0,0,0,1,0,0,1,0,0,0,0,0,0,0,0,0,1,14,0,0,0,1,1,0,0,1,0,0,3,0,0,0,4,1,1,0,4,0,2,0,1,1,1,1,0,0,0,0
214,GCF_002904085.1,Pectobacterium,carotovorum,0,1,0,1,0,0,3,1,0,1,0,0,0,1,1,1,1,0,0,0,0,5,0,0,3,0,0,0,0,1,2,0,0,1,0,0,5,0,1,1,0,1,1,2,1,0,0,2,3,1,1,0,0,2,1,0,9,0,0,0,2,0,0,0,3,0,0,0,1,3,2,0,1,2,0,0,2,1,0,0,3,1,1,0,0,0,0,1,1,0,1,0,0,1,1,1,0,0,0,0,1,12,0,0,1,1,1,0,2,4,0,1,3,0,1,0,2,1,1,1,4,0,1,0,1,1,1,1,0,0,0,0
215,GCF_016944595.1,Pectobacterium,brasiliense,0,1,1,1,0,0,3,1,0,1,0,0,1,1,2,1,0,0,0,0,0,5,0,0,3,0,0,0,0,1,2,0,1,1,0,0,5,0,1,1,0,1,1,2,1,0,0,2,1,1,1,1,1,1,1,2,10,0,0,1,2,0,0,0,3,0,0,0,1,3,1,0,1,2,0,1,1,1,1,0,1,1,3,0,0,0,0,1,1,0,0,0,0,0,1,0,0,0,0,0,1,10,0,0,1,1,1,0,2,4,1,1,3,0,1,0,0,1,1,0,4,0,1,0,1,1,0,1,0,0,0,0
216,GCF_016950285.1,Pectobacterium,brasiliense,0,0,1,1,0,0,3,1,1,2,0,0,0,1,2,0,0,0,0,0,0,4,0,0,3,0,0,0,0,1,2,0,1,1,0,0,5,0,1,1,0,1,0,2,1,0,0,2,1,0,1,0,1,2,1,2,10,0,0,0,2,0,0,0,3,0,0,0,1,2,1,0,1,2,0,1,1,1,1,0,1,1,3,0,0,0,0,1,1,0,0,0,0,0,1,0,0,0,0,0,1,8,0,0,1,1,1,0,2,2,1,1,3,0,1,0,0,1,1,0,3,0,1,0,1,1,0,1,0,0,1,0
217,GCF_009931195.1,Pectobacterium,carotovorum,0,1,0,1,0,0,3,1,0,1,0,0,0,1,1,1,0,0,0,0,0,3,0,0,3,0,0,0,0,1,2,0,0,1,0,0,5,0,1,1,0,1,1,1,1,0,0,2,1,1,1,0,1,2,1,2,9,0,0,0,2,0,0,0,3,0,0,0,1,4,3,0,1,2,0,1,1,1,1,0,1,1,3,0,0,0,0,1,1,0,1,0,0,1,1,0,0,0,0,0,1,8,0,0,1,1,1,0,2,4,1,1,3,0,1,0,0,0,1,1,4,0,1,0,1,1,1,1,0,0,0,0
218,GCF_004296725.1,Pectobacterium,versatile A,0,0,0,1,0,0,3,1,0,1,0,0,0,1,1,1,0,0,0,0,0,3,0,0,3,0,0,0,1,1,2,0,0,1,0,0,5,0,1,1,0,1,1,2,1,0,0,2,1,1,1,0,1,2,1,2,10,0,0,0,2,0,0,0,3,0,0,0,1,2,1,0,1,2,0,1,1,1,1,0,1,1,1,0,0,0,0,1,1,0,1,0,0,1,1,0,0,0,0,0,1,8,0,0,1,1,1,0,2,3,1,1,3,0,1,0,0,1,1,1,4,0,1,0,1,1,1,1,0,0,0,0
219,GCF_001984535.1,Pectobacterium,actinidiae,0,2,1,1,0,0,3,1,1,1,0,0,0,1,1,1,1,0,0,0,0,3,0,0,2,0,0,0,0,1,2,0,0,1,0,0,5,0,1,1,0,1,1,2,1,0,0,2,1,0,1,0,1,2,1,0,11,0,0,0,2,0,0,0,3,0,0,0,0,5,1,0,1,2,0,0,2,1,1,0,2,3,1,0,0,0,0,1,1,0,1,1,0,1,1,1,0,0,0,0,1,10,1,0,1,1,1,0,2,1,0,1,3,0,1,0,1,1,1,1,3,0,1,1,1,1,1,1,1,0,0,0
220,GCF_016404895.1,Dickeya,solani,0,0,0,0,0,0,3,1,1,0,0,0,2,1,2,0,0,0,0,0,0,2,0,1,2,1,0,0,0,0,1,0,1,1,0,0,5,0,0,1,0,1,1,3,1,1,0,1,1,0,1,1,1,0,1,0,5,0,0,1,2,0,0,0,2,0,0,2,1,3,0,0,2,2,1,1,1,1,1,0,0,1,1,1,0,0,0,1,1,0,0,0,0,0,1,2,0,0,0,0,1,14,0,0,1,1,1,0,2,8,1,1,3,0,1,0,0,1,1,0,4,0,2,0,1,1,1,1,0,0,0,0
221,GCF_000365405.2,Dickeya,dianthicola,0,0,0,0,0,0,3,2,1,0,1,0,2,1,2,0,0,0,0,0,0,3,0,0,2,0,0,0,0,0,1,0,1,1,0,0,5,0,0,1,0,1,1,3,0,0,1,1,1,0,1,1,1,0,1,0,5,0,0,1,2,0,0,0,2,0,0,1,1,5,0,0,1,3,0,1,2,1,1,0,0,1,1,2,0,0,0,1,1,1,0,0,1,1,1,2,0,0,0,0,1,10,0,0,1,1,1,0,2,5,1,1,3,0,1,0,0,1,1,1,4,0,2,0,1,1,1,1,0,0,1,0
222,GCF_014164815.1,Pectobacterium,carotovorum,0,0,0,1,0,0,3,1,0,1,0,0,0,1,2,1,0,0,0,0,0,4,0,0,3,0,0,0,0,1,2,0,0,1,0,0,5,0,1,1,0,1,0,2,1,0,0,2,0,1,1,0,1,2,1,2,9,0,0,0,2,0,0,0,3,0,0,0,1,3,1,0,1,2,0,1,1,1,1,0,1,1,2,0,0,0,0,1,1,0,1,0,0,0,1,0,0,0,0,0,1,9,0,0,1,1,1,0,2,2,1,1,3,0,1,0,1,1,1,0,2,0,1,1,1,1,1,1,0,0,1,0
223,GCF_016864935.1,Pectobacterium,parmentieri,0,1,1,1,0,0,3,1,1,0,0,1,0,1,1,1,0,1,0,0,0,5,0,0,3,0,0,1,0,1,2,0,0,1,0,0,4,0,0,1,0,1,1,2,0,0,0,2,1,0,1,1,0,2,2,0,7,0,0,0,2,1,0,0,3,0,0,0,1,3,0,0,0,3,0,1,1,1,1,0,0,2,3,0,0,1,0,1,1,0,1,0,0,0,2,1,0,0,1,0,1,11,0,1,1,1,1,1,2,6,0,1,3,1,1,0,2,0,1,0,3,0,1,0,1,1,1,0,0,0,0,0
224,GCF_004296665.1,Pectobacterium,versatile A,0,1,0,1,0,0,3,1,0,1,0,0,0,1,1,1,0,0,0,0,0,3,0,0,3,0,0,0,0,1,2,0,0,1,0,0,5,0,1,1,0,1,1,2,1,0,0,2,1,1,1,0,1,2,1,2,10,0,0,0,2,0,0,0,3,0,0,0,1,3,1,0,1,2,0,1,1,1,1,0,1,1,2,0,0,0,0,1,1,0,1,0,0,1,1,0,0,0,0,0,1,7,0,0,1,1,1,0,2,4,1,1,3,0,1,0,0,0,1,1,4,0,1,0,1,1,1,1,0,0,0,0
225,GCF_003403135.1,Dickeya,dianthicola,0,0,0,0,0,0,3,2,1,0,1,0,2,1,2,0,0,0,0,0,0,3,0,0,2,0,0,0,0,0,1,0,1,1,0,0,5,0,0,1,0,1,2,2,0,0,1,1,1,0,1,1,1,0,1,0,5,0,0,1,2,0,0,0,2,0,0,2,1,6,1,0,1,3,0,1,2,1,1,0,0,1,1,2,0,0,0,1,1,0,0,0,1,1,1,2,0,0,0,0,1,10,0,0,1,1,1,0,2,5,1,1,3,0,1,0,0,1,1,1,4,0,2,0,1,1,1,1,0,0,0,1
226,GCF_012278555.1,Dickeya,zeae,0,0,0,0,0,0,3,1,1,0,0,0,1,1,2,0,0,0,0,0,0,3,0,1,1,1,1,0,0,0,1,0,1,1,0,0,4,0,0,1,0,1,2,3,0,0,0,1,1,0,1,1,1,0,1,0,5,0,0,1,3,0,0,0,2,0,0,1,1,1,0,0,1,2,0,1,1,2,1,0,0,1,0,1,0,0,0,1,1,0,0,0,0,0,1,2,0,0,0,0,1,13,0,0,1,1,1,0,2,7,1,1,3,0,1,0,0,1,1,0,4,0,2,0,1,1,0,0,0,0,0,0
227,GCF_000365305.1,Dickeya,dianthicola,0,0,0,0,0,0,3,2,1,0,1,0,2,1,2,0,0,0,0,0,0,2,0,0,2,0,0,0,0,0,1,0,1,1,0,0,5,0,0,1,0,1,1,3,0,0,1,1,1,0,1,1,1,0,1,0,5,0,0,2,2,0,0,0,2,0,0,1,1,4,0,0,1,3,0,1,2,1,1,0,0,1,1,2,0,0,0,1,1,0,0,0,1,1,1,2,0,0,0,0,1,10,0,0,1,1,1,0,2,5,1,1,3,0,1,0,0,1,1,1,4,0,2,0,1,1,1,1,0,0,1,0
228,GCF_016949095.1,Pectobacterium,brasiliense A,0,1,0,1,0,0,3,0,1,1,0,0,0,1,1,0,0,0,0,0,0,6,0,0,2,0,0,0,0,1,2,0,0,1,0,0,5,0,1,1,0,1,0,1,1,0,0,2,1,0,1,0,0,2,1,0,10,0,0,0,2,0,0,0,2,0,0,0,1,3,2,0,1,2,0,1,1,1,1,1,1,1,1,0,0,0,0,1,1,0,0,0,0,0,1,0,0,0,0,0,1,9,0,0,1,1,1,0,2,3,0,1,3,0,1,0,1,0,1,0,3,0,0,0,1,1,1,0,0,0,1,1
229,GCF_003932035.1,Pectobacterium,versatile A,0,1,0,1,0,0,3,1,0,1,0,0,0,1,1,0,0,0,0,0,0,4,0,0,3,0,0,0,0,1,2,0,0,1,0,0,5,0,1,1,0,1,1,2,1,0,0,2,1,1,1,0,1,2,1,0,10,0,1,0,2,0,0,1,3,0,0,0,1,2,1,0,1,2,0,1,1,1,1,0,1,1,2,0,0,0,0,1,1,0,1,0,0,1,1,0,0,0,0,0,1,6,0,0,1,1,1,0,2,5,1,1,3,0,1,0,2,1,1,1,4,0,1,0,1,1,1,1,0,0,0,0
230,GCF_000406185.1,Dickeya,dadantii,0,0,0,0,0,0,3,1,1,0,0,0,1,1,1,0,0,0,0,0,0,2,1,1,3,1,0,0,0,0,1,0,1,1,0,0,4,0,0,1,0,1,1,3,1,0,1,2,1,0,1,1,1,0,1,0,5,0,1,1,2,0,0,0,2,0,0,1,1,3,0,0,1,2,0,1,1,2,0,0,0,1,1,1,0,0,0,2,1,0,0,0,0,0,1,2,0,0,0,0,1,11,0,0,1,1,1,0,2,9,1,1,3,0,1,0,3,1,1,0,4,0,2,0,1,1,1,1,0,0,0,0
231,GCF_003571485.1,Pectobacterium,versatile A,0,0,0,1,0,0,3,1,0,1,0,0,0,1,1,1,0,0,0,0,0,3,0,0,3,0,0,0,1,1,2,0,0,1,0,0,5,0,1,1,0,1,1,2,1,0,0,2,1,1,1,0,1,2,1,2,10,0,0,0,2,0,0,0,3,0,0,0,1,2,1,0,1,2,0,1,1,1,1,0,1,1,1,0,0,0,0,1,1,0,1,0,0,1,1,0,0,0,0,0,1,8,0,0,1,1,1,0,2,3,1,1,3,0,1,0,0,1,1,1,4,0,1,0,1,1,1,1,0,0,0,0
232,GCF_000808195.1,Pectobacterium,brasiliense,0,0,1,1,0,0,3,1,1,1,0,0,1,1,2,0,0,0,0,0,0,4,0,0,3,0,0,0,0,1,2,0,0,1,0,0,5,0,1,1,0,1,1,1,1,0,0,2,1,0,1,1,1,1,1,2,11,0,0,0,2,0,0,0,3,0,0,0,1,3,0,0,1,2,0,1,1,1,1,0,1,1,2,0,0,0,0,1,1,0,1,0,0,0,1,0,0,0,0,0,1,7,0,0,1,1,1,0,2,4,1,1,3,0,1,0,0,0,1,0,4,0,1,0,1,1,0,1,0,0,0,1
233,GCF_002846975.1,Dickeya,solani,0,0,0,0,0,0,3,1,1,0,0,0,2,1,2,0,0,0,0,0,0,2,0,1,3,1,0,0,0,0,1,0,1,1,0,0,5,0,0,1,0,1,1,3,1,1,0,1,1,0,1,1,1,0,1,0,5,0,0,1,2,0,0,0,2,0,0,2,1,3,0,0,1,2,1,1,1,1,1,0,0,1,1,1,0,0,0,1,1,0,0,0,0,0,1,2,0,0,0,0,1,14,0,0,1,1,1,0,2,8,1,1,3,0,1,0,0,1,1,0,4,0,2,0,1,1,1,1,0,0,0,0
234,GCF_018361065.1,Dickeya,dianthicola,0,0,0,0,0,0,3,2,1,0,1,0,2,1,2,0,0,0,0,0,0,3,0,0,2,0,0,0,0,0,1,0,1,1,0,0,5,0,0,1,0,1,2,2,0,0,1,1,1,0,1,1,1,0,1,0,5,0,0,1,2,0,0,0,2,0,0,2,1,6,1,0,1,3,0,1,2,1,1,0,0,1,1,2,0,0,0,1,1,0,0,0,1,1,1,2,0,0,0,0,1,10,0,0,1,1,1,0,2,5,1,1,3,0,1,0,0,1,1,1,4,0,2,0,1,1,1,1,0,0,0,1
235,GCF_016944435.1,Pectobacterium,brasiliense,0,1,1,1,0,0,3,1,0,1,0,0,1,1,2,1,0,0,0,0,0,5,0,0,3,0,0,0,0,1,2,0,1,1,0,0,5,0,1,1,0,1,1,2,1,0,0,2,1,1,1,1,1,1,1,2,10,0,0,1,2,0,0,0,3,0,0,0,1,3,1,0,1,2,0,1,1,1,1,0,1,1,3,0,0,0,0,1,1,0,0,0,0,0,1,0,0,0,0,0,1,10,0,0,1,1,1,0,2,4,1,1,3,0,1,0,0,1,1,0,4,0,1,0,1,1,0,1,0,0,0,0
236,GCF_016404925.1,Dickeya,solani,0,0,0,0,0,0,3,1,1,0,0,0,2,1,2,0,0,0,0,0,0,2,0,1,3,1,0,0,0,0,1,0,1,1,0,0,5,0,0,1,0,1,1,3,1,1,0,1,1,0,1,1,1,0,1,0,5,0,0,1,2,0,0,0,2,0,0,2,1,3,0,0,1,2,1,1,1,1,1,0,0,1,1,1,0,0,0,1,1,0,0,0,0,0,1,2,0,0,0,0,1,14,0,0,1,1,1,0,2,8,1,1,3,0,1,0,0,1,1,0,4,0,2,0,1,1,1,1,0,0,0,0
237,GCF_016950225.1,Pectobacterium,brasiliense,0,1,1,1,0,0,3,1,0,2,0,0,1,1,2,1,0,0,0,0,0,5,0,0,3,0,0,0,0,1,2,0,1,1,0,0,5,0,1,1,0,1,0,2,1,0,0,2,1,1,1,0,1,1,1,2,10,0,0,1,2,0,0,0,3,0,0,0,1,3,1,0,1,2,0,1,1,1,1,0,1,1,3,0,0,0,0,1,1,0,0,0,0,0,1,0,0,0,0,0,1,10,0,0,1,1,1,0,2,4,1,1,3,0,1,0,0,1,1,0,4,0,1,0,1,1,0,1,0,0,1,0
238,GCF_013449605.1,Pectobacterium,versatile A,0,0,0,1,0,0,3,1,0,1,0,0,0,1,1,1,0,0,0,0,0,4,0,0,2,0,0,0,0,1,2,0,0,1,0,0,5,0,1,1,0,1,0,2,1,0,0,2,1,1,1,0,1,2,1,2,10,0,1,0,2,1,0,0,3,0,0,0,1,6,1,0,1,2,0,1,1,1,1,0,1,1,3,0,0,0,0,1,1,0,1,0,0,1,1,0,0,0,0,0,1,9,0,0,1,1,1,0,2,4,1,1,2,0,1,0,0,1,1,1,3,0,1,0,1,1,1,1,0,0,1,0
239,GCF_002887555.1,Dickeya,zeae,0,0,0,0,0,0,3,1,1,0,0,0,1,1,2,0,0,0,0,0,0,4,0,0,1,1,1,0,0,0,0,0,1,1,0,0,5,0,0,1,0,1,1,3,0,1,0,1,1,0,1,1,1,0,1,0,3,0,0,1,3,0,0,0,2,0,0,1,1,2,0,0,2,2,0,1,1,2,1,0,0,0,0,1,0,0,0,1,1,0,0,0,0,0,1,2,0,0,0,0,1,10,0,0,1,1,1,0,2,9,1,1,3,0,1,0,0,1,1,0,4,0,2,0,1,1,0,1,0,0,1,0
240,GCF_014946905.1,Pectobacterium,aquaticum,0,0,0,1,0,0,3,1,0,1,0,0,0,1,1,0,0,0,0,0,0,3,0,0,2,0,0,0,0,1,2,0,0,1,0,0,4,0,1,1,0,1,0,2,0,0,0,2,1,1,1,0,0,1,1,0,9,0,0,0,2,0,0,0,2,0,0,0,1,3,1,0,1,2,0,1,1,1,1,1,1,1,2,0,0,0,0,1,1,0,0,0,0,1,1,0,0,0,0,0,1,5,0,0,1,1,1,0,2,1,0,1,3,0,1,0,1,0,0,1,3,0,0,0,1,1,1,0,0,0,1,0
241,GCF_000406145.1,Dickeya,dadantii,0,0,0,0,0,0,3,1,1,0,0,0,2,1,2,0,0,0,0,0,0,2,0,1,3,1,1,0,0,0,1,0,1,1,0,0,5,0,0,1,0,1,1,1,1,0,1,2,1,0,1,1,1,0,0,0,5,0,0,1,2,0,0,0,2,0,0,2,1,2,3,0,2,2,0,1,1,2,1,0,0,1,1,1,0,0,0,2,0,0,0,0,0,0,1,2,0,0,0,0,1,14,0,0,1,1,1,0,2,5,1,1,3,0,1,0,0,1,1,0,4,0,2,0,1,1,1,1,0,0,0,2
242,GCF_004137785.1,Pectobacterium,zantedeschiae,0,1,1,1,0,1,3,1,1,1,0,0,0,1,1,1,0,0,0,0,1,6,0,0,4,1,0,0,0,1,2,0,0,1,0,0,4,0,1,1,1,1,1,2,1,0,0,2,1,0,1,0,2,2,1,0,9,0,0,0,2,0,0,0,3,1,0,0,1,4,1,0,1,3,0,1,1,1,0,0,2,1,2,0,0,0,0,1,1,0,1,1,0,0,1,1,0,0,0,0,1,14,0,0,1,1,1,0,2,1,0,1,4,0,1,0,4,1,1,0,4,0,2,0,1,1,1,1,0,0,0,0
243,GCF_016949775.1,Pectobacterium,brasiliense,0,1,1,1,0,0,3,1,0,2,0,0,1,1,2,0,0,0,0,0,0,4,0,0,3,0,0,0,0,1,2,0,1,1,0,0,5,0,1,1,0,1,0,2,1,0,0,2,1,1,1,0,1,1,1,2,10,0,0,0,2,0,0,0,3,0,0,0,1,2,1,0,1,2,0,1,1,1,1,0,1,1,3,0,0,0,0,1,1,0,0,0,0,0,1,0,0,0,0,0,1,10,0,0,1,1,1,0,2,4,1,1,3,0,1,0,0,1,1,0,3,0,1,0,1,1,1,1,0,0,1,0
244,GCF_002307355.1,Pectobacterium,polaris,0,1,0,1,0,0,2,1,0,1,0,0,0,1,2,0,0,0,0,0,0,2,0,0,3,0,0,0,0,1,2,0,1,1,0,0,5,0,1,1,0,1,1,2,1,0,0,2,1,1,1,0,1,2,1,0,10,0,0,0,2,1,0,0,3,0,0,0,1,2,1,0,1,2,0,1,1,1,1,0,1,1,2,0,0,0,0,1,1,1,0,0,0,0,1,0,0,0,0,0,1,10,0,0,1,1,1,0,2,4,1,1,3,0,1,0,0,1,1,0,4,0,1,2,1,1,1,1,0,0,0,0
245,GCF_015277635.1,Pectobacterium,aroidearum,0,1,0,1,0,0,3,1,0,1,0,1,0,1,2,1,0,1,0,0,0,4,0,0,3,0,0,0,0,1,2,0,1,1,0,0,5,0,1,1,1,1,1,1,1,0,0,2,1,1,1,0,0,2,1,0,9,0,0,0,2,0,0,0,3,0,0,0,1,3,2,0,2,2,0,1,1,1,0,0,1,1,2,0,0,0,0,1,1,0,0,1,0,0,1,1,0,0,0,0,1,9,0,0,1,1,1,0,2,2,1,1,3,0,1,0,4,1,1,0,4,0,1,0,1,1,1,1,0,0,0,1
246,GCF_016949435.1,Pectobacterium,brasiliense,0,1,1,1,0,0,3,1,0,2,0,0,1,1,2,1,0,0,0,0,0,7,0,0,3,0,0,0,0,1,2,0,1,1,0,0,5,0,1,1,0,1,0,2,1,0,0,2,1,1,1,0,1,1,1,2,10,0,0,1,2,0,0,0,3,0,0,0,1,3,1,0,1,2,0,1,1,1,1,0,1,1,3,0,0,0,0,1,1,0,0,0,0,0,1,0,0,0,0,0,1,10,0,0,1,1,1,0,2,4,1,1,3,0,1,0,0,1,1,0,4,0,1,0,1,1,0,1,0,0,1,0
247,GCF_000808495.1,Pectobacterium,carotovorum,0,0,0,1,0,0,3,1,0,1,0,0,0,1,2,1,0,0,0,0,0,3,0,0,3,0,0,0,0,1,2,0,0,1,0,0,5,0,1,1,0,1,1,2,1,0,0,2,1,1,1,0,1,2,1,0,10,0,0,0,2,0,0,0,3,0,0,0,1,3,2,0,1,2,0,1,1,1,1,0,1,1,2,0,0,0,0,1,1,0,1,0,0,1,1,1,0,0,0,0,1,9,0,0,1,1,1,0,2,1,0,1,3,0,1,0,1,1,1,1,3,0,1,1,1,1,1,1,0,0,0,0
248,GCF_014946825.1,Pectobacterium,quasiaquaticum,0,0,0,1,0,0,3,1,0,1,0,0,0,1,1,0,0,0,0,0,0,3,0,0,2,0,0,0,0,1,2,0,0,1,0,0,4,0,1,1,0,1,0,2,0,0,0,2,1,1,1,0,0,1,1,0,9,0,0,1,2,0,0,0,2,0,0,0,1,4,1,0,1,2,0,1,1,1,1,1,1,1,2,0,0,0,0,1,1,0,0,0,0,1,1,0,0,0,0,0,1,3,0,0,1,1,1,0,2,3,0,1,3,0,1,0,2,0,0,1,4,0,0,0,1,1,1,0,0,0,1,0
249,GCF_016949525.1,Pectobacterium,brasiliense,0,1,1,1,0,0,3,1,0,2,0,0,1,1,2,1,0,0,0,0,0,5,0,0,3,0,0,0,0,1,2,0,1,1,0,0,5,0,1,1,0,1,0,2,1,0,0,2,1,1,1,0,1,1,1,2,10,0,0,1,2,0,0,0,3,0,0,0,1,3,1,0,1,2,0,1,1,1,1,0,1,1,3,0,0,0,0,1,1,0,0,0,0,0,1,0,0,0,0,0,1,10,0,0,1,1,1,0,2,4,1,1,3,0,1,0,0,1,1,0,4,0,1,0,1,1,0,1,0,0,1,0
250,GCF_003628595.1,Pectobacterium,parmentieri,0,1,1,1,0,0,3,1,1,0,0,1,0,1,1,1,0,1,0,0,0,3,0,0,3,0,0,1,0,1,2,0,0,1,0,0,4,0,1,1,0,1,1,2,0,0,0,2,1,0,1,1,0,2,2,0,7,0,0,0,2,1,0,0,3,0,0,0,1,2,0,0,0,3,0,1,1,1,1,0,0,2,3,0,0,1,0,1,1,0,1,0,0,0,1,1,0,1,0,0,1,11,0,1,1,1,1,1,2,6,0,1,3,0,1,0,2,0,1,0,3,0,1,0,1,1,1,0,0,0,0,0
251,GCF_003718335.1,Dickeya,solani,0,0,0,0,0,0,3,1,1,0,0,0,2,1,2,0,0,0,0,0,0,2,0,1,3,1,0,0,0,0,1,0,1,1,0,0,5,0,0,1,0,0,1,3,1,1,0,1,1,0,1,1,1,0,1,0,5,0,0,1,2,0,0,0,2,0,0,2,1,3,0,0,1,2,1,1,1,1,1,0,0,1,1,1,0,0,0,1,1,0,0,0,0,0,1,2,0,0,0,0,1,14,0,0,1,1,1,0,2,8,1,1,2,0,1,0,0,1,1,0,4,0,2,0,1,1,1,1,0,0,0,0
252,GCF_009931535.1,Pectobacterium,parmentieri,0,1,1,1,0,0,3,1,1,0,0,1,0,1,1,1,0,1,0,0,0,4,0,0,3,0,0,1,0,1,2,0,0,1,0,0,4,0,1,1,0,1,1,2,0,0,0,2,1,0,1,1,0,2,2,0,8,0,0,1,2,1,0,0,3,0,0,0,0,4,3,0,0,3,0,1,1,1,1,0,0,2,3,0,0,1,0,1,1,0,1,0,0,0,1,1,0,0,0,0,1,11,0,0,1,1,1,0,2,7,0,1,3,0,1,0,2,0,1,0,3,0,1,0,1,1,1,0,0,0,0,0
253,GCF_004296715.1,Pectobacterium,versatile A,0,0,0,1,0,0,3,1,0,1,0,0,0,1,2,1,0,0,0,0,0,3,0,0,3,0,0,0,0,1,2,0,0,1,0,0,5,0,1,1,0,1,1,2,1,0,0,2,1,1,1,0,1,2,1,0,10,0,0,0,2,1,0,0,3,0,0,0,1,2,3,0,1,2,0,1,1,1,1,0,1,1,2,0,0,0,0,1,1,0,1,0,0,1,1,0,0,0,0,0,1,9,0,0,1,1,1,1,2,3,1,1,3,0,1,0,1,0,1,1,3,0,1,0,1,1,1,1,0,0,0,0
254,GCF_002904195.1,Pectobacterium,carotovorum,0,1,0,1,0,0,3,1,0,1,0,0,0,1,1,1,1,0,0,0,0,3,0,0,3,0,0,0,0,1,2,0,0,1,0,0,5,0,1,1,0,1,1,2,1,0,0,1,1,1,1,0,0,2,1,1,9,0,0,0,2,0,0,0,3,0,0,0,1,4,1,0,1,2,0,0,2,0,0,0,3,1,1,0,0,0,0,1,1,0,1,0,0,1,1,1,0,0,0,0,1,8,0,0,1,1,1,0,2,4,1,1,3,0,1,1,1,1,1,1,4,0,1,1,1,1,1,1,0,0,0,0
255,GCF_012427845.1,Pectobacterium,punjabense,0,0,1,1,0,0,3,1,0,1,0,0,0,1,1,1,0,0,0,0,0,5,0,0,3,1,0,0,0,1,2,0,0,1,0,0,5,0,1,1,0,1,1,1,1,0,0,2,1,1,1,1,0,2,1,0,8,0,0,0,2,0,0,0,3,0,0,0,1,2,0,0,2,2,0,1,1,1,1,0,0,2,3,0,0,0,0,1,1,0,1,0,0,0,1,1,0,0,0,0,1,8,0,1,1,1,1,1,2,3,0,1,3,0,1,0,2,0,1,0,3,0,1,0,1,1,1,1,0,0,0,1
256,GCF_000808455.1,Pectobacterium,brasiliense,0,1,1,1,0,0,3,1,1,1,0,0,1,1,2,0,0,0,0,0,0,4,0,0,3,0,0,0,0,1,2,0,0,1,0,0,5,0,1,1,0,1,1,2,1,0,0,2,1,0,1,0,1,1,1,2,10,0,0,0,2,0,0,0,3,0,0,0,1,3,1,0,1,2,0,1,1,1,1,0,1,1,2,0,0,0,0,1,1,0,1,0,0,0,1,0,0,0,0,0,1,7,0,0,1,1,1,0,2,4,1,1,4,0,1,0,0,1,1,0,4,0,1,0,1,1,0,1,0,0,0,0
257,GCF_000406165.1,Dickeya,zeae,0,0,0,0,0,0,3,1,1,0,0,0,1,1,2,0,0,0,0,0,0,3,0,0,0,1,1,0,0,0,0,0,1,1,0,0,5,0,0,1,0,1,2,3,0,1,0,1,1,0,1,1,1,0,1,0,3,0,0,1,3,0,1,0,2,0,0,1,1,1,1,0,3,2,0,1,1,2,1,0,0,0,0,1,0,0,0,1,1,0,0,0,0,0,1,2,0,0,0,0,1,11,0,0,1,1,1,0,2,10,1,1,3,0,1,0,0,1,1,0,4,0,3,0,1,1,0,1,0,0,0,0
258,GCF_016949335.1,Pectobacterium,brasiliense,0,1,1,1,0,0,3,1,0,2,0,0,1,1,2,1,0,0,0,0,0,7,0,0,3,0,0,0,0,1,2,0,1,1,0,0,5,0,1,1,0,1,0,2,1,0,0,2,1,1,1,0,1,1,1,2,10,0,0,1,2,0,0,0,3,0,0,0,1,3,1,0,1,2,0,1,1,1,1,0,1,1,3,0,0,0,0,1,1,0,0,0,0,0,1,0,0,0,0,0,1,10,0,0,1,1,1,0,2,4,1,1,3,0,1,0,0,1,1,0,4,0,1,0,1,1,0,1,0,0,1,0
259,GCF_001984525.1,Pectobacterium,actinidiae,0,2,1,1,0,0,3,1,1,1,0,0,0,1,1,1,1,0,0,0,0,3,0,0,2,0,0,0,0,1,2,0,0,1,0,0,5,0,1,1,0,1,1,2,1,0,0,2,1,0,1,0,1,2,1,0,11,0,0,0,2,0,0,0,3,0,0,0,0,5,1,0,1,2,0,0,2,1,1,0,2,2,1,0,0,0,0,1,1,0,1,1,0,1,1,1,0,0,0,0,1,10,1,0,1,1,1,0,2,1,0,1,3,0,1,0,1,1,1,1,3,0,1,1,1,1,1,1,1,0,0,0
260,GCF_003049785.1,Dickeya,dadantii,0,0,0,0,0,0,3,1,1,0,0,0,2,1,2,0,0,0,0,0,0,2,0,1,3,1,1,0,0,0,1,0,1,1,0,0,5,0,0,1,0,1,1,2,1,0,1,2,1,0,1,1,1,0,1,0,5,0,0,1,2,0,0,0,2,0,0,2,1,2,3,0,2,2,0,1,1,2,1,0,0,1,1,1,0,0,0,2,1,0,0,0,0,0,1,2,0,0,0,0,1,12,0,0,1,1,1,0,2,5,1,1,3,0,1,0,0,1,1,0,4,0,2,0,1,1,1,1,0,0,0,1
261,GCF_016949705.1,Pectobacterium,brasiliense,0,0,0,1,0,0,3,1,1,2,0,0,1,1,2,0,0,0,0,0,0,4,0,0,3,0,0,0,0,1,2,0,1,1,0,0,5,0,1,1,0,1,0,2,1,0,0,2,1,0,1,0,1,1,1,2,10,0,0,0,2,0,0,0,3,0,0,0,1,2,2,0,1,2,0,1,1,1,1,0,1,1,3,0,0,0,0,1,1,0,0,0,0,0,1,0,0,0,0,0,1,10,0,0,1,1,1,0,2,4,1,1,3,0,1,0,0,1,1,0,3,0,1,0,1,1,0,1,0,0,1,0
262,GCF_018361185.1,Dickeya,dianthicola,0,0,0,0,0,0,3,2,1,0,1,0,2,1,2,0,0,0,0,0,0,3,0,0,2,0,0,0,0,0,1,0,1,1,0,0,5,0,0,1,0,1,2,2,0,0,1,1,1,0,1,1,1,0,1,0,5,0,0,1,2,0,0,0,2,0,0,2,1,6,1,0,1,3,0,1,2,1,1,0,0,1,1,2,0,0,0,1,1,0,0,0,1,1,1,2,0,0,0,0,1,10,0,0,1,1,1,0,2,5,1,1,3,0,1,0,0,1,1,1,4,0,2,0,1,1,1,1,0,0,0,1
263,GCF_018361205.1,Dickeya,dianthicola,0,0,0,0,0,0,3,2,1,0,1,0,2,1,2,0,0,0,0,0,0,3,0,0,2,0,0,0,0,0,1,0,1,1,0,0,5,0,0,1,0,1,2,2,0,0,1,1,1,0,1,1,1,0,1,0,5,0,0,1,2,0,0,0,2,0,0,2,1,6,1,0,1,3,0,1,2,1,1,0,0,1,1,2,0,0,0,1,1,0,0,0,1,1,1,2,0,0,0,0,1,10,0,0,1,1,1,0,2,5,1,1,3,0,1,0,0,1,1,1,4,0,2,0,1,1,1,1,0,0,0,1
264,GCF_000406305.1,Dickeya,fangzhongdai,0,1,0,0,0,0,3,1,1,0,0,0,2,1,2,0,0,0,0,0,0,2,0,1,1,0,0,0,0,0,1,0,1,1,0,1,6,1,0,1,0,1,1,3,1,1,1,2,1,0,1,1,1,0,1,0,5,0,0,1,2,0,0,0,2,0,0,2,1,2,1,0,2,3,1,1,1,2,1,0,0,1,1,1,0,0,0,1,1,0,0,0,0,0,1,2,0,0,0,0,1,11,0,0,1,1,1,0,2,9,1,1,3,0,1,0,0,1,0,0,4,0,1,0,1,1,1,1,0,0,0,0
265,GCF_007858975.2,Dickeya,poaceiphila,0,0,0,0,0,0,3,0,1,0,0,0,1,1,2,0,0,0,0,0,0,4,0,0,0,1,0,0,0,0,0,0,1,1,0,0,2,0,0,1,0,1,0,2,1,0,2,1,1,0,1,1,1,0,1,0,3,0,0,3,1,0,0,0,2,0,0,0,1,3,1,0,1,2,0,1,1,2,1,0,0,0,0,0,0,0,0,1,1,0,0,0,0,0,1,1,0,0,0,0,1,14,0,0,1,1,1,0,2,9,1,1,3,0,1,0,0,1,1,0,4,0,0,0,1,1,0,0,0,0,0,0
266,GCF_016415585.1,Pectobacterium,carotovorum,1,0,0,1,0,0,3,0,0,1,0,0,0,1,1,0,0,0,1,1,0,4,0,0,3,1,0,0,0,1,1,0,0,1,0,0,5,0,1,1,0,1,1,2,0,0,0,2,1,1,1,0,0,2,1,2,9,0,0,0,2,0,0,0,3,0,1,0,1,2,1,0,1,2,0,1,1,1,1,0,1,1,2,0,0,0,0,1,1,0,1,0,0,0,2,1,0,0,0,1,1,8,0,1,1,1,1,1,2,2,1,1,3,0,1,0,1,0,1,0,4,0,1,0,1,1,0,1,0,0,0,0
267,GCF_016864995.1,Pectobacterium,carotovorum,0,0,0,1,0,0,3,1,0,1,0,0,0,1,1,1,0,0,0,0,0,3,0,0,3,0,0,0,0,1,2,0,0,1,0,0,5,0,1,1,0,1,1,2,1,0,0,2,1,1,1,0,0,2,1,2,10,0,1,0,2,0,0,0,3,0,0,0,1,2,2,0,1,2,0,1,1,1,1,0,1,1,2,0,0,0,0,1,1,0,1,0,0,1,1,0,0,0,0,0,1,8,0,0,1,1,1,0,2,4,1,1,3,0,1,0,0,1,1,1,4,0,1,0,1,1,1,1,0,0,0,0
268,GCF_000696465.1,Pectobacterium,atrosepticum,0,0,1,1,0,0,3,1,0,1,0,1,0,1,1,1,0,1,0,0,0,5,0,0,3,0,0,0,0,1,2,0,0,1,0,0,5,0,1,1,0,1,1,1,1,0,0,2,1,1,1,0,0,2,1,2,9,0,0,0,2,0,0,0,4,0,0,0,1,4,0,0,1,3,0,1,1,1,1,0,2,1,2,0,0,0,0,1,1,0,0,0,0,0,1,1,0,0,0,0,1,10,0,1,1,1,1,1,2,5,1,1,4,0,1,0,2,1,1,0,4,0,1,0,1,1,1,1,0,0,0,1
269,GCF_000011605.1,Pectobacterium,atrosepticum,0,1,1,1,0,0,3,1,0,1,0,1,0,1,1,1,1,1,0,0,0,5,0,0,3,0,0,0,0,1,2,0,1,1,0,0,5,0,1,1,0,1,0,1,1,0,0,2,1,1,1,0,0,2,1,2,9,0,0,0,2,1,0,0,3,0,0,0,1,4,0,0,1,3,0,1,1,1,1,0,2,1,2,0,0,0,0,1,1,0,0,0,0,0,1,1,0,0,0,0,1,10,0,1,1,1,1,1,2,5,1,1,3,0,1,0,2,1,1,0,4,0,1,0,1,1,1,1,0,0,1,1
270,GCF_016944275.1,Pectobacterium,brasiliense,0,1,1,1,0,0,3,1,0,1,0,0,1,1,2,1,0,0,0,0,0,8,0,0,3,0,0,0,0,1,2,0,1,1,0,0,5,0,1,1,0,1,1,2,1,0,0,2,1,1,1,1,1,1,1,2,10,0,0,1,2,0,0,0,3,0,0,0,1,3,1,0,1,2,0,1,1,1,1,0,1,1,3,0,0,0,0,1,1,0,0,0,0,0,1,0,0,0,0,0,1,10,0,0,1,1,1,0,2,4,1,1,3,0,1,0,0,1,1,0,4,0,1,0,1,1,0,1,0,0,0,0
271,GCF_002288545.1,Pectobacterium,polaris,0,1,0,1,0,0,3,1,0,1,0,0,0,1,2,0,0,0,0,0,0,4,0,0,3,0,0,0,0,1,2,0,1,1,0,0,5,0,1,1,0,1,1,1,1,0,0,2,1,1,1,0,1,2,1,2,10,0,0,0,2,0,0,0,3,0,0,0,1,2,1,0,1,2,0,1,1,1,1,0,1,1,2,0,0,0,0,1,1,1,0,0,0,0,1,0,0,0,0,0,1,9,0,0,1,1,1,0,2,4,1,1,3,0,1,0,0,1,1,0,4,0,1,1,1,1,1,1,0,0,0,1
272,GCF_016949035.1,Pectobacterium,versatile A,0,0,0,1,0,0,3,1,0,1,0,0,0,1,1,1,0,0,0,0,0,4,0,0,3,0,0,0,0,1,2,0,0,1,0,0,5,0,1,1,0,1,0,2,1,0,0,2,1,1,1,0,1,2,1,2,10,0,1,0,2,0,0,0,3,0,0,0,1,4,1,0,1,2,0,1,1,1,1,0,1,1,2,0,0,0,0,1,1,0,1,0,0,1,1,0,0,0,0,0,1,7,0,0,1,1,1,0,2,4,1,1,3,0,1,0,0,1,1,1,4,0,1,0,1,1,1,1,0,0,1,0
273,GCF_002904225.1,Pectobacterium,carotovorum,0,1,0,1,0,0,3,1,0,1,0,0,0,1,1,1,1,0,0,0,0,3,0,0,3,0,0,0,0,1,2,0,0,1,0,0,5,0,1,1,0,1,1,2,1,0,0,2,2,1,1,0,0,2,1,0,9,0,0,0,2,1,0,0,3,0,0,0,1,4,2,0,1,2,0,0,2,1,0,0,3,1,1,0,0,0,0,1,1,0,1,0,0,1,1,1,0,0,0,0,1,10,0,0,1,1,1,1,2,4,1,1,3,0,1,0,2,1,1,1,4,0,1,0,1,1,1,1,0,0,0,0
274,GCF_018361245.1,Dickeya,dianthicola,0,0,0,0,0,0,3,2,1,0,1,0,2,1,2,0,0,0,0,0,0,3,0,0,2,0,0,0,0,0,1,0,1,1,0,0,5,0,0,1,0,1,2,2,0,0,1,1,1,0,1,1,1,0,1,0,5,0,0,1,2,0,0,0,2,0,0,2,1,6,1,0,1,3,0,1,2,1,1,0,0,1,1,2,0,0,0,1,1,0,0,0,1,1,1,2,0,0,0,0,1,10,0,0,1,1,1,0,2,5,1,1,3,0,1,0,0,1,1,1,4,0,2,0,1,1,1,1,0,0,0,1
275,GCF_014946805.1,Pectobacterium,aquaticum,0,0,0,1,0,0,3,1,0,1,0,0,0,1,1,0,0,0,0,0,0,4,0,0,2,0,0,0,0,1,2,0,0,1,0,0,4,0,1,1,0,1,0,2,0,0,0,2,1,1,1,0,0,1,1,0,10,0,0,0,2,0,0,0,2,0,0,0,1,4,2,0,1,2,0,1,1,1,1,1,1,1,2,0,0,0,0,1,1,0,0,0,0,1,1,0,0,0,0,0,1,5,0,0,1,1,1,0,2,1,0,1,3,0,1,0,1,0,0,1,3,0,0,0,1,1,1,0,0,0,1,0
276,GCF_013449675.1,Pectobacterium,versatile A,0,0,0,1,0,0,3,1,0,1,0,0,0,1,1,1,0,0,0,0,0,4,0,0,3,0,0,0,0,1,2,0,0,1,0,0,5,0,1,1,0,1,0,2,1,0,0,2,0,1,1,0,1,2,1,2,10,0,1,0,2,0,0,0,3,0,0,0,1,2,1,0,1,2,0,1,1,1,1,0,1,1,2,0,0,0,0,1,1,1,1,0,0,1,1,0,0,0,0,0,1,7,0,0,1,1,1,0,2,4,1,1,2,0,1,0,0,1,1,1,4,0,1,0,1,1,1,1,0,0,1,0
277,GCF_002904105.1,Pectobacterium,carotovorum,0,1,0,1,0,0,3,1,0,1,0,0,0,1,1,1,1,0,0,0,0,3,0,0,3,0,0,0,0,1,2,0,0,1,0,0,5,0,1,1,0,1,1,2,1,0,0,2,1,1,1,0,0,2,1,1,9,0,0,0,2,0,0,0,3,0,0,0,1,4,1,0,1,2,0,0,2,1,0,0,3,1,1,0,0,0,0,1,1,0,1,0,0,1,1,1,0,0,0,0,1,9,0,0,1,1,1,0,2,4,1,1,3,0,1,1,1,1,1,1,4,0,1,1,1,1,1,1,0,0,0,0
278,GCF_018904205.1,Dickeya,dadantii,0,0,0,0,0,0,3,1,1,0,0,0,2,1,2,0,0,0,0,0,0,3,0,0,3,0,1,0,0,0,1,0,1,1,0,0,5,0,0,1,1,1,1,3,1,1,1,2,1,0,1,1,1,0,1,0,5,0,0,1,2,0,0,0,2,0,0,2,1,3,2,1,2,3,0,1,1,2,1,0,0,1,2,1,0,0,0,1,1,0,0,1,0,0,1,2,0,0,0,0,1,16,0,0,1,1,1,0,2,5,1,1,4,0,1,0,0,1,1,0,4,0,3,0,0,0,1,1,0,0,0,0
279,GCF_000975305.1,Dickeya,dianthicola,0,0,0,0,0,0,3,2,1,0,1,0,2,1,2,0,0,0,0,0,0,2,0,0,2,0,0,0,0,0,1,0,1,1,0,0,5,0,0,1,0,1,1,3,0,0,1,1,1,0,1,1,1,0,1,0,5,0,0,2,2,0,0,0,2,0,0,1,1,4,0,0,1,3,0,1,2,1,1,0,0,1,1,2,0,0,0,1,1,0,0,0,1,1,1,2,0,0,0,0,1,10,0,0,1,1,1,0,2,5,1,1,3,0,1,0,0,1,1,1,4,0,2,0,1,1,1,1,0,0,1,0
